,,,,,,,,,,,,,,,,,,,,,,,,,,,,,,,,,,, 
Marker ID ,Coordinates Hv33 genome,SSR type,SSR summary sequence,SSR sequence,SSR size,start,end,FORWARD PRIMER1 (5'-3'),Tm(°C),size,REVERSE PRIMER1 (5'-3'),Tm(°C),size,PRODUCT1 size (bp),start (bp),end (bp),FORWARD PRIMER2 (5'-3'),Tm(°C),size,REVERSE PRIMER2 (5'-3'),Tm(°C),size,PRODUCT2 size (bp),start (bp),end (bp),FORWARD PRIMER3 (5'-3'),Tm(°C),size,REVERSE PRIMER3 (5'-3'),Tm(°C),size,PRODUCT3 size (bp),start (bp),end (bp),
CENHV00148,contig30591,di,(AT)6,ATATATATATAT,12,6446,6457,CCCGCTGCTTCCGATTCTAT,59.966,20,GTCAGGCGACTTCGTTGGTA,60.039,20,382,6220,6601,CATCACAGCCAGCCTCTTCA,60.036,20,GTCAGGCGACTTCGTTGGTA,60.039,20,268,6333,6601,TCATCATCACAGCCAGCCTC,59.82,20,GTCAGGCGACTTCGTTGGTA,60.039,20,272,6329,6601,
CENHV01036,contig16504,di,(AT)6,ATATATATATAT,12,8964,8975,AGTCGGACCCAGTAGGAGTT,59.591,20,CCGGAGGACATTAGGGGGTA,60.105,20,298,8753,9050,AAGTCGGACCCAGTAGGAGT,59.591,20,CCGGAGGACATTAGGGGGTA,60.105,20,298,8752,9050,AGTCGGACCCAGTAGGAGTT,59.591,20,GCAGAAATAACCCCGGAGGA,59.455,20,309,8753,9062,
CENHV01764,contig21485,di,(AT)6,ATATATATATAT,12,3027,3038,TCATGCTCCTTGTTGGCTGA,59.599,20,TCCTGGTGTTAGTTAGGAGCA,58.103,21,187,2992,3178,TGCTCCTTGTTGGCTGAGAT,59.305,20,TCCTGGTGTTAGTTAGGAGCA,58.103,21,183,2995,3178,ATGCTCCTTGTTGGCTGAGA,59.305,20,TCCTGGTGTTAGTTAGGAGCA,58.103,21,184,2994,3178,
CENHV02395,contig13048,di,(AT)6,ATATATATATAT,12,21475,21486,AGAGAATAGGGGAAGGGTGCT,59.99,21,TCACTCCCACTTTGAAGCCC,59.89,20,238,21355,21592,AGAGAATAGGGGAAGGGTGCT,59.99,21,CACTCCCACTTTGAAGCCCT,59.889,20,236,21355,21591,AGAGAATAGGGGAAGGGTGCT,59.99,21,ACTCCCACTTTGAAGCCCTC,59.598,20,235,21355,21590,
CENHV02435,contig13547,di,(TA)6,TATATATATATA,12,25423,25434,AGACAATGCTGGCAGATGCT,60.034,20,TCTCTTGGAGGGTCTGAGTGA,59.571,21,334,25180,25513,AGACAATGCTGGCAGATGCT,60.034,20,CTCTTGGAGGGTCTGAGTGA,58.07,20,332,25180,25512,AGACAATGCTGGCAGATGCT,60.034,20,TCTCTTGGAGGGTCTGAGTG,58.07,20,333,25180,25513,
CENHV02687,contig849,di,(AG)6,AGAGAGAGAGAG,12,31023,31034,TGGGAAAACGAGGTGAGAGC,59.965,20,TCGAATGCGATGATGAAACACC,59.649,22,346,31000,31345,TGGGAAAACGAGGTGAGAGC,59.965,20,CGAATGCGATGATGAAACACCT,59.647,22,344,31000,31344,TGGGAAAACGAGGTGAGAGC,59.965,20,ACAGTCGAATGCGATGATGA,57.416,20,349,31000,31349,
CENHV02832,contig4485,di,(AT)6,ATATATATATAT,12,12619,12630,TATACCGTCGAGCCCCAAAT,58.584,20,GTCCTATACAGTGGCGCTGG,60.249,20,320,12485,12804,ATATACCGTCGAGCCCCAAA,58.584,20,GTCCTATACAGTGGCGCTGG,60.249,20,320,12484,12804,TATACCGTCGAGCCCCAAAT,58.584,20,CCTATACAGTGGCGCTGGAA,59.536,20,317,12485,12802,
CENHV03856,contig893,di,(TC)6,TCTCTCTCTCTC,12,5426,5437,GCTGGCTCCCTCCATTCATT,60.106,20,GGAAGAAGGGGAGGGGGTAT,60.029,20,303,5284,5586,GCTGGCTCCCTCCATTCATT,60.106,20,GAGAGGGATGGGGAAGGAGT,60.031,20,205,5284,5489,TCCTTTCCTCACTCTGCCCT,60.179,20,GGAAGAAGGGGAGGGGGTAT,60.029,20,335,5251,5586,
CENHV03871,contig87877,di,(TA)6,TATATATATATA,12,7125,7136,TGTCCTCTGTCAGGGGTGAT,59.883,20,AGGCTGCATTGCCTCTTGAT,60.033,20,324,6864,7187,TGTCCTCTGTCAGGGGTGAT,59.883,20,GGCTGCATTGCCTCTTGATG,59.898,20,322,6864,7186,TCAGGGGTGATGCCAAAACA,59.813,20,AGGCTGCATTGCCTCTTGAT,60.033,20,314,6873,7187,
CENHV03909,contig1993,di,(TA)6,TATATATATATA,12,9171,9182,ACAAATTTCACAAGCGGCCC,59.967,20,CAAAGCTGTTTCACACGCGA,59.973,20,359,9098,9456,ACAAGCGGCCCTAAATTGGA,59.961,20,CAAAGCTGTTTCACACGCGA,59.973,20,349,9107,9456,ACAAATTTCACAAGCGGCCC,59.967,20,TGGCAAAGCTGTTTCACACG,59.9,20,361,9098,9459,
CENHV04047,contig19972,di,(AT)6,ATATATATATAT,12,16931,16942,GCGGATTTGTTTTGGCAGGT,59.967,20,AGAGCCGGCATTCCAATGAA,60.034,20,264,16769,17032,GCGGATTTGTTTTGGCAGGT,59.967,20,CTACAAGAGCCGGCATTCCA,60.108,20,268,16769,17037,ACGTTTGTCACCAGGTTCGT,60.108,20,AGAGCCGGCATTCCAATGAA,60.034,20,307,16725,17032,
CENHV04940,contig36570,di,(AT)6,ATATATATATAT,12,6929,6940,AAGCCAGTAGGGGAGAGGAG,60.032,20,GCGCTACTTCTGGTATGCAC,59.069,20,190,6791,6980,AGTAGGGGAGAGGAGCACAG,60.033,20,GCGCTACTTCTGGTATGCAC,59.069,20,184,6796,6980,CAGTAGGGGAGAGGAGCACA,60.325,20,GCGCTACTTCTGGTATGCAC,59.069,20,185,6795,6980,
CENHV05245,contig30453,di,(AC)6,ACACACACACAC,12,4719,4730,ACATGCCACTCTTTGAGCAC,58.758,20,GGCTTATGTGGTGGGAAGGA,59.376,20,268,4644,4911,ACATGCCACTCTTTGAGCAC,58.758,20,AGGCTTATGTGGTGGGAAGG,59.374,20,268,4644,4912,AACATGCCACTCTTTGAGCAC,59.389,21,GGCTTATGTGGTGGGAAGGA,59.376,20,268,4643,4911,
CENHV05303,contig18031,di,(TA)6,TATATATATATA,12,14549,14560,CCACCACCATCCATCCATCC,60.179,20,TGAATGAGATAAACCAGCAGGA,57.157,22,341,14457,14797,CACCACCATCCATCCATCCA,59.448,20,TGAATGAGATAAACCAGCAGGA,57.157,22,339,14458,14797,CCATCCAACCCATTCTTGCC,59.174,20,TGAATGAGATAAACCAGCAGGA,57.157,22,310,14487,14797,
CENHV06180,contig27463,di,(TA)6,TATATATATATA,12,3830,3841,TGGTTTGGCATCCTATGCTGT,59.994,21,TTCAGAATCCACCTGCCCAC,59.962,20,363,3774,4136,TGGCATCCTATGCTGTAGGG,58.941,20,TTCAGAATCCACCTGCCCAC,59.962,20,357,3779,4136,TGGTTTGGCATCCTATGCTGT,59.994,21,GGAGGATGATGAAGAGCGCA,59.894,20,274,3774,4048,
CENHV06226,contig25129,di,(TA)6,TATATATATATA,12,14492,14503,TCGTTCTCGCTTACAGGTGC,60.388,20,CACGCCTTTACACACGCAAT,59.763,20,384,14255,14638,CGTTCTCGCTTACAGGTGCT,60.389,20,CACGCCTTTACACACGCAAT,59.763,20,382,14256,14638,TCGTTCTCGCTTACAGGTGC,60.388,20,ACATTGAGTGAGTCACGCCT,59.318,20,396,14255,14651,
CENHV06534,contig3968,di,(AT)6,ATATATATATAT,12,15376,15387,ACGTTGCCTCAACAAGAGTGA,60.135,21,AAGCCATTGTGGAAGCCGTA,59.962,20,311,15342,15652,ACGTTGCCTCAACAAGAGTGA,60.135,21,CCATGTGCACACCAAGCATC,60.109,20,165,15342,15507,CGTTGCCTCAACAAGAGTGAC,59.738,21,AAGCCATTGTGGAAGCCGTA,59.962,20,309,15343,15652,
CENHV06725,contig74637,di,(AT)6,ATATATATATAT,12,3091,3102,AGTGTTCCATGGTTTGTTTGCT,59.234,22,TGGCTTCTGACCCTAACCTT,58.258,20,400,3052,3451,GTGTTCCATGGTTTGTTTGCT,57.822,21,TGGCTTCTGACCCTAACCTT,58.258,20,398,3053,3451,GTGTTCCATGGTTTGTTTGCT,57.822,21,TTGGCTTCTGACCCTAACCT,58.258,20,399,3053,3452,
CENHV06993,contig15088,di,(TA)6,TATATATATATA,12,5644,5655,AAGCTCTCCTTCAACGTGCT,59.605,20,TGTGGCTGGGGTTTATGGTC,59.961,20,378,5418,5795,TGGCGATTGGTAAGTTGGGT,59.597,20,TGTGGCTGGGGTTTATGGTC,59.961,20,238,5557,5795,AAGCTCTCCTTCAACGTGCT,59.605,20,TGTGTGGCTGGGGTTTATGG,60.252,20,379,5418,5797,
CENHV07134,contig13181,di,(CA)6,CACACACACACA,12,10560,10571,GTGGTGAGATGACAGGGTGG,60.036,20,AAAACGGTCAAGGGGGACTG,60.179,20,265,10379,10643,GTGGTGAGATGACAGGGTGG,60.036,20,CAAAACGGTCAAGGGGGACT,60.179,20,265,10379,10644,GTGGTGAGATGACAGGGTGG,60.036,20,TAGCAAAACGGTCAAGGGGG,60.251,20,268,10379,10647,
CENHV07847,contig20471,di,(AT)6,ATATATATATAT,12,723,734,CAAAGGCGGTTCGTAGGACT,60.038,20,GACCGATTAGGTGGGTGGTC,59.823,20,263,556,818,AAAGGCGGTTCGTAGGACTC,59.754,20,GACCGATTAGGTGGGTGGTC,59.823,20,261,557,818,CAAAGGCGGTTCGTAGGACT,60.038,20,CCACATCGTCGTCCTCATCA,59.544,20,396,556,952,
CENHV09543,contig19048,di,(AT)6,ATATATATATAT,12,4662,4673,CGTTGTAGTCGAAGGTGGCT,60.039,20,ACCTCCAAATTGGCAGCGTA,59.962,20,334,4432,4765,TCGTTGTAGTCGAAGGTGGC,60.039,20,ACCTCCAAATTGGCAGCGTA,59.962,20,334,4431,4765,GTAGTCGAAGGTGGCTTCCC,60.108,20,ACCTCCAAATTGGCAGCGTA,59.962,20,329,4436,4765,
CENHV10095,contig35026,di,(TA)6,TATATATATATA,12,15699,15710,CCTGAGCTCGATTGTGGGAA,59.75,20,CCAACAAATCCCGCTACCCT,60.034,20,367,15666,16032,CCTGAGCTCGATTGTGGGAA,59.75,20,CACCCACACGTAACTCCCTC,60.038,20,313,15666,15979,ACAAGGCCTGAGCTCGATTG,60.392,20,CCAACAAATCCCGCTACCCT,60.034,20,372,15660,16032,
CENHV10910,contig18846,di,(AT)6,ATATATATATAT,12,1866,1877,ATACCACCTTGGACAGCAGC,60.035,20,TGCGCTGATATTTTTGGCGG,59.9,20,234,1690,1923,TTGGAAGGTTCCTTGCCGTT,60.106,20,TGCGCTGATATTTTTGGCGG,59.9,20,179,1744,1923,TTTGGAAGGTTCCTTGCCGT,60.106,20,TGCGCTGATATTTTTGGCGG,59.9,20,180,1743,1923,
CENHV10941,contig2936,di,(TA)6,TATATATATATA,12,2571,2582,GCATTCAGAACGAGAGGGCT,60.108,20,CGCGTTTCGCTTGGTTTCAA,60.59,20,384,2335,2718,TGGCATTCAGAACGAGAGGG,59.75,20,CGCGTTTCGCTTGGTTTCAA,60.59,20,385,2333,2718,GCATTCAGAACGAGAGGGCT,60.108,20,TGCATACCGATCACGCGTTT,60.738,20,396,2335,2731,
CENHV11602,contig199,di,(TA)6,TATATATATATA,12,31198,31209,TGCTCCGTTCAATCCTGCAT,60.035,20,TTTGTAGACAACCCCGGCTC,59.964,20,332,31114,31445,TGCTCCGTTCAATCCTGCAT,60.035,20,TCAATAATGCGCGCCCAAAG,59.9,20,279,31114,31393,TGCTCCGTTCAATCCTGCAT,60.035,20,CGGTTTGCTTGGATTGGCAT,59.753,20,308,31114,31422,
CENHV12822,contig29589,di,(TA)6,TATATATATATA,12,5594,5605,AAGTGTGGCAGGTGGAGATG,59.963,20,AAGGGAACCAGAGATGCACG,60.036,20,264,5471,5734,CAAGTGTGGCAGGTGGAGAT,59.963,20,AAGGGAACCAGAGATGCACG,60.036,20,264,5470,5734,ATCAAGTGTGGCAGGTGGAG,59.963,20,AAGGGAACCAGAGATGCACG,60.036,20,266,5468,5734,
CENHV14026,contig13767,di,(TG)6,TGTGTGTGTGTG,12,6185,6196,ACACAGCGTTATACTATGCGGA,59.64,22,TGACCTCATTTTTCATTTGGGG,57.112,22,367,5944,6310,ACACAGCGTTATACTATGCGGA,59.64,22,GACCTCATTTTTCATTTGGGGT,57.11,22,365,5944,6309,TGCGGAATCGAAAACAAAAGC,58.61,21,TGACCTCATTTTTCATTTGGGG,57.112,22,350,5960,6310,
CENHV14123,contig46164,di,(AG)6,AGAGAGAGAGAG,12,16031,16042,AGCACGAACAAGCCAGTTGA,60.464,20,GCCTTGTTTTGTATTGAGCCGT,60.03,22,350,15961,16310,AGCACGAACAAGCCAGTTGA,60.464,20,TGCCTTGTTTTGTATTGAGCCG,60.03,22,350,15961,16311,GCACGAACAAGCCAGTTGAT,59.407,20,GCCTTGTTTTGTATTGAGCCGT,60.03,22,348,15962,16310,
CENHV16279,contig22654,di,(AT)6,ATATATATATAT,12,1420,1431,CCAAAGAGCCAAGAGATTCACA,58.585,22,CACACATCCTGGCTGAAGGT,59.963,20,296,1210,1505,CCAAAGAGCCAAGAGATTCACA,58.585,22,ACACACATCCTGGCTGAAGG,59.963,20,296,1210,1506,CCAAAGAGCCAAGAGATTCACA,58.585,22,CATCCTGGCTGAAGGTCTGG,60.107,20,291,1210,1501,
CENHV17264,contig352,di,(TA)6,TATATATATATA,12,6077,6088,TGGTGGTGTTAACCAATCCCC,60.203,21,ACTTGGCCACCCACAAAAGA,60.033,20,328,5807,6134,AGGAGCCAGGCTTGGTAAAC,59.962,20,CCACAAAAGATGGAACCCCC,58.734,20,396,5728,6124,AGGAGCCAGGCTTGGTAAAC,59.962,20,CCCACAAAAGATGGAACCCC,58.734,20,397,5728,6125,
CENHV17315,contig22708,di,(AT)6,ATATATATATAT,12,3453,3464,ACATCGCGGCTACCTTTCAA,60.037,20,GCGCGTAAAAGTGGGCTAAG,59.904,20,336,3209,3544,GAGACCTACATCGCGGCTAC,60.04,20,GCGCGTAAAAGTGGGCTAAG,59.904,20,342,3202,3544,ACATCGCGGCTACCTTTCAA,60.037,20,GTCCTTGCGCGTAAAAGTGG,60.11,20,341,3209,3550,
CENHV17439,contig16029,di,(AT)6,ATATATATATAT,12,8018,8029,GTGGAGCAAAGAAATGGCCC,59.753,20,GCCAGATAGCTGCAGGAGAG,59.966,20,373,7800,8172,GTGGAGCAAAGAAATGGCCC,59.753,20,GAGCCAGATAGCTGCAGGAG,59.966,20,374,7800,8174,GTGGAGCAAAGAAATGGCCC,59.753,20,CCTCTCCTACCATGCACAGC,60.179,20,287,7800,8087,
CENHV18536,contig30462,di,(AC)6,ACACACACACAC,12,4816,4827,TCGCCAAGACTTTTTGCAGC,59.969,20,TGATCGGGCGAAACTGACAA,59.966,20,400,4501,4900,TCGCCAAGACTTTTTGCAGC,59.969,20,ACGGCTACAGAAGAGAGGGA,59.668,20,351,4501,4852,TCATGTAAAGCCTGCCCAGT,59.302,20,TGATCGGGCGAAACTGACAA,59.966,20,175,4725,4900,
CENHV00335,contig7730,di,(TA)7,TATATATATATATA,14,2411,2424,GCCAGCTGATCAACGTTTCG,60.179,20,CCGCCATCATAGACACTCCC,59.966,20,367,2289,2655,TATTTGGAGGCACAGCACCT,59.302,20,CCGCCATCATAGACACTCCC,59.966,20,345,2310,2655,ATTTGGAGGCACAGCACCTG,60.897,20,CCGCCATCATAGACACTCCC,59.966,20,344,2311,2655,
CENHV01059,contig17134,di,(AT)7,ATATATATATATAT,14,3635,3648,AGTTTGGCGTGAGCAACAAC,59.899,20,GCATCCCCTCAAGCAGTACA,59.747,20,293,3444,3736,TTTTCGAGTTTGGCGTGAGC,59.693,20,GCATCCCCTCAAGCAGTACA,59.747,20,298,3438,3736,CAACAACGGGCGACACTAGA,60.319,20,GCATCCCCTCAAGCAGTACA,59.747,20,279,3457,3736,
CENHV01163,contig52134,di,(AT)7,ATATATATATATAT,14,1715,1728,CCGATGAAATTTTCCGACGCA,59.87,21,ACGCCCGCATATCTTCTGTT,59.822,20,399,1603,2001,CCGATGAAATTTTCCGACGCA,59.87,21,TTCCACGGTAGAGCGAACTG,59.757,20,299,1603,1902,CCGATGAAATTTTCCGACGCA,59.87,21,CAGTTCCACGGTAGAGCGAA,59.757,20,302,1603,1905,
CENHV02172,contig15839,di,(TA)7,TATATATATATATA,14,5540,5553,GGTGCTGTTAGGCCACTCAA,60.251,20,TTTGTAAGCTGCCATCTGCT,57.795,20,390,5347,5736,TTCAGGTGCTGTTAGGCCAC,60.251,20,TTTGTAAGCTGCCATCTGCT,57.795,20,393,5343,5736,GGTGCTGTTAGGCCACTCAA,60.251,20,AGTGCTCAGCAATTAGACAGGT,59.696,22,365,5347,5712,
CENHV03405,contig2528,di,(AT)7,ATATATATATATAT,14,4850,4863,GGGTACCCACAAAGCCTCAA,59.888,20,CTCCTTCAGGTGGTGTTCCTC,59.997,21,385,4682,5066,GGGTACCCACAAAGCCTCAA,59.888,20,TCCTTCAGGTGGTGTTCCTC,58.943,20,383,4682,5065,GGGTACCCACAAAGCCTCAA,59.888,20,TCTCCTTCAGGTGGTGTTCC,58.943,20,385,4682,5067,
CENHV04196,contig1345,di,(TA)7,TATATATATATATA,14,11076,11089,ACACACACTCCCCCAATACAC,59.927,21,GGAATAGGGGTGTGAGGAACC,59.788,21,374,10859,11232,CACACACTCCCCCAATACACT,59.649,21,GGAATAGGGGTGTGAGGAACC,59.788,21,372,10860,11232,ACACACACTCCCCCAATACA,58.559,20,GGAATAGGGGTGTGAGGAACC,59.788,21,373,10859,11232,
CENHV04900,contig45917,di,(TA)7,TATATATATATATA,14,9141,9154,GCCGGTTACGGTTTCCTCAT,60.392,20,TAGGAACCGGTCATGCCAAG,59.748,20,333,8914,9246,ACGGTTTCCTCATCCATGCT,59.379,20,TAGGAACCGGTCATGCCAAG,59.748,20,325,8921,9246,ACGGTTTCCTCATCCATGCT,59.379,20,GATAGGAACCGGTCATGCCA,59.532,20,327,8921,9248,
CENHV04901,contig45917,di,(TA)7,TATATATATATATA,14,10036,10049,GTGGTGAGTGATGTTTTCACCC,59.707,22,ACCAACTTTCCAACCCAGCA,60.033,20,312,9949,10260,TGGTGAGTGATGTTTTCACCC,58.418,21,ACCAACTTTCCAACCCAGCA,60.033,20,310,9950,10260,TGTGGTGAGTGATGTTTTCACC,59.051,22,ACCAACTTTCCAACCCAGCA,60.033,20,312,9948,10260,
CENHV05697,contig3376,di,(AT)7,ATATATATATATAT,14,4963,4976,GCGGCCTCCCTTATCTCATT,59.602,20,CGGCACTTAGTAGCAAGCGA,60.458,20,359,4711,5069,AGCGGCCTCCCTTATCTCAT,60.473,20,CGGCACTTAGTAGCAAGCGA,60.458,20,359,4710,5069,GCGGCCTCCCTTATCTCATT,59.602,20,AGCGGCACTTAGTAGCAAGC,60.741,20,360,4711,5071,
CENHV07406,contig15815,di,(AT)7,ATATATATATATAT,14,1531,1544,GCCTGGTTGGAATATGGTCCT,59.785,21,ACATGGCACATTGAACGGTA,57.807,20,331,1282,1612,GCCTGGTTGGAATATGGTCCT,59.785,21,TACATGGCACATTGAACGGT,57.807,20,331,1282,1613,TGTGCCTGGTTGGAATATGGT,59.643,21,ACATGGCACATTGAACGGTA,57.807,20,333,1279,1612,
CENHV08708,contig229,di,(TA)7,TATATATATATATA,14,23060,23073,TTGGTCTCGGGCAGGATTTC,60.035,20,ACCCGTTTCCGTTGTTTCCA,60.394,20,400,22847,23246,TGTGTCTTACCGGATTGCCA,59.312,20,ACTCATTTCGTGTCACCGCT,59.966,20,256,23027,23283,TGTGTCTTACCGGATTGCCA,59.312,20,ATTTCGTGTCACCGCTCCTT,59.965,20,252,23027,23279,
CENHV08738,contig15854,di,(AT)7,ATATATATATATAT,14,13647,13660,TCACGTCGTCCAACTTGTTCT,59.864,21,TTTACTGGCACGGAGGTAGC,59.752,20,362,13391,13752,CGTCGTCCAACTTGTTCTTCC,59.474,21,TTTACTGGCACGGAGGTAGC,59.752,20,358,13394,13752,TCACGTCGTCCAACTTGTTC,58.437,20,TTTACTGGCACGGAGGTAGC,59.752,20,361,13391,13752,
CENHV09615,contig1564,di,(AT)7,ATATATATATATAT,14,4719,4732,GAGAAATGGCTACTTGGTTGGT,58.578,22,CGAGCCCATGCTACAGTCTT,59.823,20,266,4657,4922,GAGAAATGGCTACTTGGTTGGT,58.578,22,TGCTTGTTGAACTTCCCCGA,59.818,20,282,4657,4939,GAGAAATGGCTACTTGGTTGGT,58.578,22,TTTCCCCACTCACAAGGTGG,59.815,20,120,4657,4777,
CENHV10249,contig334,di,(TA)7,TATATATATATATA,14,12417,12430,CTTGGGCTTCAGGAGTTGGT,59.889,20,TAAGCCTCTTGCGCATCCAA,60.036,20,336,12222,12557,TTGGGCTTCAGGAGTTGGTG,60.179,20,CCCGCGCATCATTTTGAGAG,59.971,20,399,12223,12622,CTTGGGCTTCAGGAGTTGGT,59.889,20,TGCGCATCCAATTCAACACC,59.757,20,326,12222,12548,
CENHV10290,contig683,di,(AG)7,AGAGAGAGAGAGAG,14,16111,16124,GAGATGGTTCGGGGGTTTCA,59.673,20,TCCATGAAGCTTGGTGTGTGA,59.857,21,216,15965,16180,GAGATGGTTCGGGGGTTTCA,59.673,20,TGAAGCTTGGTGTGTGAACCA,60.341,21,211,15965,16176,GAGATGGTTCGGGGGTTTCA,59.673,20,GAAGCTTGGTGTGTGAACCA,58.611,20,210,15965,16175,
CENHV11097,contig21505,di,(CA)7,CACACACACACACA,14,10196,10209,TACAACTCGCCCCCATTCAC,60.036,20,ACGGCACAAGACCGAAATCA,60.25,20,317,10166,10482,GATCGATCAGCCAACGCAAC,59.973,20,GTGTGTGTGTGCATGTGTGT,59.549,20,188,10045,10233,TACAACTCGCCCCCATTCAC,60.036,20,CGGCACAAGACCGAAATCAG,59.556,20,315,10166,10481,
CENHV11384,contig95405,di,(AT)7,ATATATATATATAT,14,3836,3849,TGGGCTACTTGGAACTTGCT,59.229,20,AGCGCAATGTTCCGCTAGAT,60.179,20,363,3681,4043,TGGGCTACTTGGAACTTGCTT,59.855,21,AGCGCAATGTTCCGCTAGAT,60.179,20,362,3681,4043,TTGGGCTACTTGGAACTTGCT,59.855,21,AGCGCAATGTTCCGCTAGAT,60.179,20,363,3680,4043,
CENHV12033,contig24633,di,(TA)7,TATATATATATATA,14,6366,6379,CGTCGTCGTTAAGAACATCCC,59.084,21,TCGTGGCTGTCTACCCTACA,59.961,20,353,6177,6529,TTTTCGGTGGAGGAAAGCAA,57.94,20,TCGTGGCTGTCTACCCTACA,59.961,20,192,6337,6529,AAACTACCTGTTGGGCACGC,61.17,20,CGTGGCTGTCTACCCTACAT,58.888,20,395,6133,6528,
CENHV12891,contig29485,di,(AT)7,ATATATATATATAT,14,3080,3093,CCAACCAGCACCTGAAAAGC,59.967,20,TGGCAGTTCTCTGAGGCAAG,59.964,20,334,3039,3372,AGTTGAACCACCCCAACCAG,60.106,20,TGGCAGTTCTCTGAGGCAAG,59.964,20,345,3027,3372,CCAACCAGCACCTGAAAAGC,59.967,20,GCAGTTCTCTGAGGCAAGGA,59.677,20,331,3039,3370,
CENHV13071,contig2950,di,(TG)7,TGTGTGTGTGTGTG,14,16239,16252,GCGATTTCCCTTGGAAGGTC,58.904,20,CCAGCCTGACACAAAGCCTA,59.963,20,355,16126,16480,GCGATTTCCCTTGGAAGGTC,58.904,20,TGCAAATCCTCTCCCAAGCA,59.595,20,311,16126,16437,ACATGTTGCGATTTCCCTTGG,59.454,21,CCAGCCTGACACAAAGCCTA,59.963,20,361,16119,16480,
CENHV13480,contig18194,di,(TA)7,TATATATATATATA,14,14018,14031,TGCATGAAGACCTGAAAATCCA,58.235,22,TCACATGAAGTGTTCCACAGT,57.441,21,295,13784,14078,TGCATGAAGACCTGAAAATCCA,58.235,22,TTCACATGAAGTGTTCCACAGT,58.115,22,295,13784,14079,TGCATGAAGACCTGAAAATCCA,58.235,22,CAGGTTTCTGCCATCAAAACTC,58.094,22,353,13784,14137,
CENHV13486,contig27720,di,(AT)7,ATATATATATATAT,14,8056,8069,GCTTCGATTGCTGTGTTGGG,60.11,20,TCACTCCATTCCATCGCAGG,59.821,20,397,7737,8133,TCGCTTCGATTGCTGTGTTG,59.487,20,TCACTCCATTCCATCGCAGG,59.821,20,398,7735,8133,CTTCGATTGCTGTGTTGGGG,59.477,20,TCACTCCATTCCATCGCAGG,59.821,20,395,7738,8133,
CENHV14364,contig15412,di,(TA)7,TATATATATATATA,14,28906,28919,TGCTGAGGTTACCAGTAGGA,57.384,20,AGAGGAATCACCAGCCTTACT,58.161,21,350,28827,29176,TTGCTGAGGTTACCAGTAGGA,58.103,21,AGAGGAATCACCAGCCTTACT,58.161,21,350,28826,29176,TGCTGAGGTTACCAGTAGGATT,58.549,22,AGAGGAATCACCAGCCTTACT,58.161,21,349,28827,29176,
CENHV15432,contig16748,di,(AT)7,ATATATATATATAT,14,8971,8984,AGGGCACTACACATAGAGGGT,59.992,21,GAAGTGCCCGCCACTCTAAT,60.108,20,394,8881,9274,AGGGCACTACACATAGAGGGT,59.992,21,AGTGCCCGCCACTCTAATTT,59.672,20,391,8881,9272,GGGCACTACACATAGAGGGT,58.503,20,GAAGTGCCCGCCACTCTAAT,60.108,20,392,8882,9274,
CENHV16282,contig45755,di,(TA)7,TATATATATATATA,14,9425,9438,GACATCGTCGCCCGTTACAT,60.527,20,TGACTGGCGTTAGTTGGAAGT,59.585,21,398,9071,9468,ACATCGTCGCCCGTTACATA,59.26,20,TGACTGGCGTTAGTTGGAAGT,59.585,21,396,9072,9468,AGAGACAGTTTTGGTGTGGGT,59.436,21,GGCTGCACTTTTAACGCTCA,59.409,20,395,9258,9653,
CENHV00348,contig33940,tri,(ATA)5,ATAATAATAATAATA,15,4481,4495,CTCAGGCTGATGATTGTTAGGA,57.587,22,TGTTTCCTTTGCACAACTGGT,58.825,21,395,4127,4521,TCTCAGGCTGATGATTGTTAGG,57.587,22,TGTTTCCTTTGCACAACTGGT,58.825,21,395,4126,4521,CTCAGGCTGATGATTGTTAGGA,57.587,22,TTGTTTCCTTTGCACAACTGGT,59.435,22,395,4127,4522,
CENHV00644,contig16078,tri,(TAT)5,TATTATTATTATTAT,15,6735,6749,TGTTGCACGGTATCAGCACT,59.965,20,GGGGGAAGGATGAGTGTGTG,60.035,20,345,6445,6789,AAAAGAACCGGAGAGCCTGG,59.963,20,GGGGGAAGGATGAGTGTGTG,60.035,20,314,6475,6789,CGAAAAGAACCGGAGAGCCT,60.037,20,GGGGGAAGGATGAGTGTGTG,60.035,20,316,6473,6789,
CENHV01099,contig2656,tri,(CAA)5,CAACAACAACAACAA,15,3947,3961,TGAGGGGTAGCACAGTCTGA,59.886,20,GACCACACAAGCTGGAATGC,59.758,20,352,3899,4250,AGTGAGGGGTAGCACAGTCT,59.885,20,GACCACACAAGCTGGAATGC,59.758,20,353,3897,4250,AGGGGTAGCACAGTCTGACA,60.179,20,GACCACACAAGCTGGAATGC,59.758,20,349,3901,4250,
CENHV02663,contig5760,tri,(TAA)5,TAATAATAATAATAA,15,2868,2882,TGTGTTGGTCGGTATCGTTGT,59.931,21,GCCGCACCAACATTCTTCAG,60.11,20,379,2596,2974,TGTGTTGGTCGGTATCGTTGT,59.931,21,CAGCCGCACCAACATTCTTC,60.11,20,380,2596,2976,TGTGTTGGTCGGTATCGTTGT,59.931,21,AGCCGCACCAACATTCTTCA,60.537,20,379,2596,2975,
CENHV02884,contig3892,tri,(TAT)5,TATTATTATTATTAT,15,4165,4179,AGCCTTTTTGCGTCACCCTA,59.89,20,CAAGGGGTGACCATGTCCAA,59.888,20,371,4123,4493,AGCCTTTTTGCGTCACCCTA,59.89,20,GGGGTGACCATGTCCAAACT,59.888,20,367,4123,4490,AGCCTTTTTGCGTCACCCTA,59.89,20,AGGGGTGACCATGTCCAAAC,59.888,20,368,4123,4491,
CENHV03123,contig22006,tri,(TCA)5,TCATCATCATCATCA,15,12335,12349,GTTCGCAATCGACTTACCGC,59.975,20,TCCACCCAGCTGCTTTCAAT,59.887,20,354,12059,12412,GTTCGCAATCGACTTACCGC,59.975,20,ATCCACCCAGCTGCTTTCAA,59.887,20,354,12059,12413,CGCAATCGACTTACCGCAAC,60.247,20,TCCACCCAGCTGCTTTCAAT,59.887,20,350,12062,12412,
CENHV03223,contig305,tri,(TGA)5,TGATGATGATGATGA,15,15598,15612,GCCTTGGCCACAAGAGAAGA,60.251,20,CTGCAAGAACATGGCACCAG,59.757,20,332,15457,15788,TGCCTTGGCCACAAGAGAAG,60.538,20,CTGCAAGAACATGGCACCAG,59.757,20,332,15456,15788,GCCTTGGCCACAAGAGAAGA,60.251,20,TGGCTAATGGCACCACTGAT,59.375,20,390,15457,15847,
CENHV03464,contig491,tri,(TTA)5,TTATTATTATTATTA,15,12927,12941,CGTGACCGTTTGGCTCGATA,60.457,20,CAAGCGCTCTAAAGTGGTGC,59.833,20,327,12788,13114,CGTGACCGTTTGGCTCGATA,60.457,20,GCAAGCGCTCTAAAGTGGTG,59.833,20,327,12788,13115,CGTGACCGTTTGGCTCGATA,60.457,20,GAAATTGCATCTGCCCCTGC,60.179,20,391,12788,13179,
CENHV03696,contig7556,tri,(TTA)5,TTATTATTATTATTA,15,6784,6798,CAGTTATCTGAAGCCCGCCA,60.108,20,GACACAATGAAAGTGCGCCA,59.689,20,356,6581,6936,CAGTTATCTGAAGCCCGCCA,60.108,20,TGACACAATGAAAGTGCGCC,59.689,20,356,6581,6937,CAGTTATCTGAAGCCCGCCA,60.108,20,ACACAATGAAAGTGCGCCAG,59.688,20,354,6581,6935,
CENHV04343,contig85609,tri,(GAG)5,GAGGAGGAGGAGGAG,15,605,619,AGAAGGAATGCAGGGTGCAG,60.323,20,AGTGGTGTGCATGGTATGGG,60.034,20,346,541,886,GGGTGCAGGAGGGGTAAAAG,60.323,20,AGTGGTGTGCATGGTATGGG,60.034,20,333,553,886,AGAAGGAATGCAGGGTGCAG,60.323,20,GTGGTGTGCATGGTATGGGA,60.035,20,344,541,885,
CENHV04880,contig3120,tri,(CAT)5,CATCATCATCATCAT,15,13590,13604,CCGGCACAGGTATAGCAACA,60.108,20,TGGCTAGAATGGTGCACTCG,60.108,20,232,13432,13663,TCCGGCACAGGTATAGCAAC,59.823,20,TGGCTAGAATGGTGCACTCG,60.108,20,232,13431,13663,ATGAGCACCACCACCAACTT,59.814,20,TGGCTAGAATGGTGCACTCG,60.108,20,118,13545,13663,
CENHV04965,contig35308,tri,(TTA)5,TTATTATTATTATTA,15,1609,1623,AGTTTTCAGCACCCTTCCTT,57.244,20,CATACAGAGAGCTGCTGCCA,59.823,20,340,1468,1807,AAGTTTTCAGCACCCTTCCT,57.244,20,CATACAGAGAGCTGCTGCCA,59.823,20,340,1467,1807,ACCAAAAAGTGTTGAGCAGTGT,59.174,22,CATACAGAGAGCTGCTGCCA,59.823,20,224,1583,1807,
CENHV05188,contig19060,tri,(TTA)5,TTATTATTATTATTA,15,8864,8878,AGCGGTATGCTATTGCTGGT,59.53,20,TAGCATCCAACCGTTGCGTA,59.753,20,193,8829,9021,AGCGGTATGCTATTGCTGGT,59.53,20,GGGTCCATTCGGATCGCTTT,60.464,20,220,8829,9049,AGCGGTATGCTATTGCTGGT,59.53,20,AATGGGTCCATTCGGATCGC,60.535,20,223,8829,9052,
CENHV05938,contig1802,tri,(TCC)5,TCCTCCTCCTCCTCC,15,5282,5296,GGGCCACAACAACATCAACC,59.967,20,GCAGCAGCTTGAGCAAATGA,59.757,20,333,5101,5433,ATCTATTGCACCTGGTGGGC,60.107,20,GCAGCAGCTTGAGCAAATGA,59.757,20,348,5085,5433,GGGCCACAACAACATCAACC,59.967,20,CATGTTTTGGGGAGGAGGGG,60.325,20,377,5101,5478,
CENHV06817,contig18465,tri,(AAG)5,AAGAAGAAGAAGAAG,15,6470,6484,AAGCCACTCCATGAGCAACC,60.61,20,TGGGTTTCCTTTTGGTGGGA,59.363,20,389,6193,6581,GCCACTCCATGAGCAACCAA,60.895,20,TGGGTTTCCTTTTGGTGGGA,59.363,20,386,6195,6581,AAGCCACTCCATGAGCAACC,60.61,20,TGGGTTTCCTTTTGGTGGGAA,59.992,21,388,6193,6581,
CENHV07117,contig2533,tri,(ATT)5,ATTATTATTATTATT,15,4656,4670,TCACTCCCCACTGCTACCTT,60.179,20,TCAGAAAAAGGGGTACAAGCCT,59.554,22,389,4315,4703,TTCTCTCACTCCCCACTGCT,60.179,20,TCAGAAAAAGGGGTACAAGCCT,59.554,22,393,4310,4703,TCACTCCCCACTGCTACCTT,60.179,20,TCAGAAAAAGGGGTACAAGCC,58.129,21,388,4315,4703,
CENHV07459,contig2134,tri,(TTA)5,TTATTATTATTATTA,15,467,481,ACATCCTCTGAGACAACCTGC,59.722,21,CCACCTCCCATCGCTTTCTT,60.035,20,363,291,653,ACATCCTCTGAGACAACCTGC,59.722,21,CTTTCCACCTCCCATCGCTT,60.035,20,366,291,657,ACATCCTCTGAGACAACCTGC,59.722,21,TTCCACCTCCCATCGCTTTC,60.035,20,364,291,655,
CENHV07514,contig153,tri,(TTA)5,TTATTATTATTATTA,15,7868,7882,ACCCCCTATTGGGTACCATTT,58.408,21,TGAAGAATCCAAGGGAGTTGAA,57.277,22,311,7669,7979,ACCCCCTATTGGGTACCATTT,58.408,21,ATGAAGAATCCAAGGGAGTTGA,57.065,22,311,7669,7980,ACCCCCTATTGGGTACCATTTT,59.063,22,TGAAGAATCCAAGGGAGTTGAA,57.277,22,310,7669,7979,
CENHV07824,contig13236,tri,(ATC)5,ATCATCATCATCATC,15,28118,28132,TCACTAGGATTGCTCGCCAC,59.824,20,TGGTGAAGAAAAGGCAGGCT,59.814,20,238,27958,28195,CTAGGATTGCTCGCCACTGT,59.823,20,TGGTGAAGAAAAGGCAGGCT,59.814,20,234,27961,28195,ACTAGGATTGCTCGCCACTG,59.823,20,TGGTGAAGAAAAGGCAGGCT,59.814,20,235,27960,28195,
CENHV08020,contig22467,tri,(GAA)5,GAAGAAGAAGAAGAA,15,3712,3726,AAGAGGAGGGTGTGAAGGGT,60.104,20,AAACCTCCACCGCCTTGAAA,60.106,20,394,3367,3760,AAGAGGAGGGTGTGAAGGGT,60.104,20,TCCACCGCCTTGAAACATCT,59.6,20,388,3367,3755,AAGAGGAGGGTGTGAAGGGT,60.104,20,GAAACCTCCACCGCCTTGAA,60.536,20,394,3367,3761,
CENHV08419,contig85752,tri,(TGA)5,TGATGATGATGATGA,15,1875,1889,GATGGACCAGGTTGAGGTGT,59.307,20,AGGCCACAGCCAATGTAAGA,59.302,20,281,1845,2125,GATGGACCAGGTTGAGGTGT,59.307,20,ACCCTTGTGATGGGTACCTG,59.008,20,178,1845,2023,AGATGGACCAGGTTGAGGTG,59.013,20,AGGCCACAGCCAATGTAAGA,59.302,20,281,1844,2125,
CENHV09664,contig25484,tri,(TCC)5,TCCTCCTCCTCCTCC,15,1969,1983,GCTCTTCCCACTCATGCCTT,60.035,20,GTGAGTGAGAGCGATCGAGG,59.971,20,382,1843,2224,GCTCTTCCCACTCATGCCTT,60.035,20,GGAAGCGAGATGATGAGCGA,59.969,20,362,1843,2205,GCTCTTCCCACTCATGCCTT,60.035,20,TTGTGGACGTGAGTGAGAGC,59.968,20,389,1843,2232,
CENHV09712,contig18797,tri,(TAG)5,TAGTAGTAGTAGTAG,15,11744,11758,AATCCTCGGTTGGCGGAAAT,60.034,20,GCTGAGGTTCCTCCACCTTT,59.598,20,377,11715,12091,CCTCGGTTGGCGGAAATAGA,59.823,20,TTTCGACCGCACCTCAATCT,59.68,20,399,11718,12117,CCTCGGTTGGCGGAAATAGA,59.823,20,GCTGAGGTTCCTCCACCTTT,59.598,20,373,11718,12091,
CENHV09713,contig18797,tri,(GTT)5,GTTGTTGTTGTTGTT,15,12519,12533,GCAAGAGCCAGAGTTTGCTT,59.043,20,TTAACAACACCAACGGCTGC,59.617,20,310,12252,12561,AAGCAAGAGCCAGAGTTTGC,59.043,20,TTAACAACACCAACGGCTGC,59.617,20,311,12250,12561,GCGAGAAGTTGAAGTTGGACC,59.468,21,CAGACAAATCCGCTTCTGCG,59.904,20,253,12442,12695,
CENHV09811,contig57161,tri,(CAT)5,CATCATCATCATCAT,15,822,836,ATGTGGCCCTACTGACCTCT,59.957,20,CAGCAATGGCAATGGACACC,60.109,20,383,737,1119,TGTGGCCCTACTGACCTCTT,60.179,20,CAGCAATGGCAATGGACACC,60.109,20,381,738,1119,ATGTGGCCCTACTGACCTCT,59.957,20,GCAATGGCAATGGACACCAC,60.39,20,380,737,1117,
CENHV09906,contig66819,tri,(ATA)5,ATAATAATAATAATA,15,4395,4409,TTGGGAGGCAAGACAGAAGG,59.598,20,GTGCCACTTACCTTCAGTAGGA,59.434,22,399,4219,4617,TGGGAGGCAAGACAGAAGGA,60.474,20,GTGCCACTTACCTTCAGTAGGA,59.434,22,397,4220,4617,GGGAGGCAAGACAGAAGGAA,59.307,20,GTGCCACTTACCTTCAGTAGGA,59.434,22,396,4221,4617,
CENHV11369,contig3512,tri,(GAT)5,GATGATGATGATGAT,15,11131,11145,CGACATGAACTTTTTGTTGCGG,59.533,22,CACCACCACCATTACCACCA,59.889,20,298,11104,11401,CCGACATGAACTTTTTGTTGCG,59.533,22,CACCACCACCATTACCACCA,59.889,20,298,11103,11401,CGACATGAACTTTTTGTTGCGG,59.533,22,ACCACCACCACCATTACCAC,59.888,20,299,11104,11403,
CENHV11719,contig22875,tri,(TCC)5,TCCTCCTCCTCCTCC,15,10377,10391,TTGGTAGGGCACTGCACATT,59.888,20,AGCAAGGTGAGGTTTGGAATCA,60.158,22,400,10067,10466,TTGGTAGGGCACTGCACATT,59.888,20,GCAAGGTGAGGTTTGGAATCA,58.761,21,398,10067,10465,TTTGGTAGGGCACTGCACAT,59.888,20,GCAAGGTGAGGTTTGGAATCA,58.761,21,399,10066,10465,
CENHV13656,contig15138,tri,(AGA)5,AGAAGAAGAAGAAGA,15,10216,10230,GTGCATGGCTCCTCTTCTGT,60.036,20,CATGTGCAGATGGAACCCCT,60.034,20,347,10092,10438,GTGCATGGCTCCTCTTCTGT,60.036,20,TCATGTGCAGATGGAACCCC,60.034,20,347,10092,10439,TGGAGGAAGAAGCCTCTGGT,60.179,20,CATGTGCAGATGGAACCCCT,60.034,20,376,10062,10438,
CENHV15343,contig1985,tri,(TTA)5,TTATTATTATTATTA,15,22684,22698,AGGATCCAATGGGTTCCAGT,58.314,20,CACCACCTCAGCTATCTGCC,60.179,20,378,22546,22923,AGGATCCAATGGGTTCCAGT,58.314,20,CCACCTCAGCTATCTGCCAA,59.457,20,375,22546,22921,AGGATCCAATGGGTTCCAGT,58.314,20,ACCACCTCAGCTATCTGCCA,60.619,20,376,22546,22922,
CENHV15724,contig15187,tri,(AAT)5,AATAATAATAATAAT,15,3285,3299,CAGATGTTGGCATGTTGGGC,60.109,20,ACCCGAAAGGACATTTGCCA,60.179,20,382,3176,3557,GCAGATGTTGGCATGTTGGG,60.109,20,ACCCGAAAGGACATTTGCCA,60.179,20,382,3175,3557,TTGCCCCTTGATTGTCACCA,59.813,20,GATTCCCCGCCCTATTTCGT,59.892,20,362,3231,3593,
CENHV15795,contig21106,tri,(TCA)5,TCATCATCATCATCA,15,8247,8261,AAGTGGTGGTGGATGGTGTC,59.89,20,CCGATTTGAAGATGGATGCAGG,59.707,22,379,8036,8414,AAGTGGTGGTGGATGGTGTC,59.89,20,CCCGATTTGAAGATGGATGCAG,59.707,22,379,8036,8415,GTGGTGGATGGTGTCCCTTC,60.323,20,CCGATTTGAAGATGGATGCAGG,59.707,22,373,8041,8414,
CENHV15896,contig4517,tri,(CTT)5,CTTCTTCTTCTTCTT,15,8915,8929,AATAGGTGGTGTCCATCGGC,59.82,20,AAGTGTCTTTGACGGACGCA,60.179,20,289,8816,9104,AATAGGTGGTGTCCATCGGC,59.82,20,TTGACGGACGCACGAGATAC,60.179,20,280,8816,9096,TTCGCCACAGGTGGAATAGG,59.748,20,AAGTGTCTTTGACGGACGCA,60.179,20,302,8802,9104,
CENHV16145,contig18338,tri,(TTA)5,TTATTATTATTATTA,15,14751,14765,CCTCAGAGGCGAATCAGGAC,59.896,20,TAAAGGAACACCACCACCCC,59.521,20,379,14439,14817,CCTCAGAGGCGAATCAGGAC,59.896,20,ACCACCCCACCCCAGATATAA,59.988,21,366,14439,14805,CCTCAGAGGCGAATCAGGAC,59.896,20,ATAAAGGAACACCACCACCCC,59.923,21,379,14439,14818,
CENHV16542,contig150,tri,(CTT)5,CTTCTTCTTCTTCTT,15,6817,6831,ATGACTCCATTAGCACCTCAAT,57.215,22,TGGTGTGATTCTGAATGGGAGG,60.026,22,309,6667,6975,ATGACTCCATTAGCACCTCAAT,57.215,22,TGAGCTCTCAACCAGAGTAGGA,59.958,22,339,6667,7006,ATGACTCCATTAGCACCTCAAT,57.215,22,GGTGTGATTCTGAATGGGAGGA,59.76,22,307,6667,6974,
CENHV16598,contig52400,tri,(ATC)5,ATCATCATCATCATC,15,5461,5475,GATGAGCACGTTTGTAACCCG,59.872,21,TCGGAGTCACTTCTCACCCA,60.179,20,351,5280,5630,ATGAGCACGTTTGTAACCCG,58.847,20,TCGGAGTCACTTCTCACCCA,60.179,20,349,5281,5630,GATGAGCACGTTTGTAACCCG,59.872,21,GTCGGAGTCACTTCTCACCC,59.756,20,351,5280,5631,
CENHV16961,contig77399,tri,(AAT)5,AATAATAATAATAAT,15,5939,5953,GGTAGTTGTCAGGGCTGGTC,60.036,20,TTCCTGGGCTACACAAGCTG,59.963,20,243,5887,6129,GGTAGTTGTCAGGGCTGGTC,60.036,20,GCAAAATCCAAGCGCACAGA,60.039,20,364,5887,6251,GGTAGTTGTCAGGGCTGGTC,60.036,20,GCGCACAGACCCTAAATCCT,60.108,20,353,5887,6240,
CENHV01521,contig555,di,(TA)8,TATATATATATATATA,16,4193,4208,CTGGTTCTGAGGTAGCCACG,60.109,20,GCCTCAATGGTATCGGTGGT,59.82,20,375,4046,4420,TTCACCGCCCATGAACAAGT,60.179,20,GTGAAAACGCTACCGTTCCG,59.838,20,382,4098,4480,TTCACCGCCCATGAACAAGT,60.179,20,GCCTCAATGGTATCGGTGGT,59.82,20,322,4098,4420,
CENHV01609,contig7561,di,(TC)8,TCTCTCTCTCTCTCTC,16,3538,3553,TCAGTCGGTGAATGGCAAGA,59.315,20,ACCGTTGAAGAGGCGATTGA,59.68,20,338,3435,3772,TCAGTCGGTGAATGGCAAGA,59.315,20,AAAGACCGTTGAAGAGGCGA,59.608,20,341,3435,3776,TCAGTCGGTGAATGGCAAGA,59.315,20,GGAAAATCCAATCCACGGGC,59.54,20,386,3435,3821,
CENHV02128,contig435,di,(TC)8,TCTCTCTCTCTCTCTC,16,25896,25911,CAGTGTGGAAGGCAGTGCTA,59.965,20,GGATCAATCTTGGCGGACCA,60.107,20,374,25818,26191,CAGTGTGGAAGGCAGTGCTA,59.965,20,TGGATCAATCTTGGCGGACC,60.107,20,374,25818,26192,CAGTGTGGAAGGCAGTGCTA,59.965,20,CACTTCCAGTCCGCGAAGAT,60.109,20,258,25818,26076,
CENHV04370,contig350,di,(GA)8,GAGAGAGAGAGAGAGA,16,7437,7452,AGAGCACAACAAGAGACATAGC,58.406,22,TCCTCATCATCCATCCATCCA,58.006,21,221,7412,7632,AGAAGAGCACAACAAGAGACA,57.173,21,TCCTCATCATCCATCCATCCA,58.006,21,223,7409,7632,AGAGCACAACAAGAGACATAGC,58.406,22,TCATCATCCATCCATCCATCCA,58.738,22,217,7412,7629,
CENHV06721,contig19391,di,(AG)8,AGAGAGAGAGAGAGAG,16,1311,1326,CCCAAGAGAGCGTGTGACTT,59.966,20,CCCCACTCTCTCCCTCTCAA,59.958,20,214,1230,1443,CCCAAGAGAGCGTGTGACTT,59.966,20,TCATGGCTTCCTCTCGCTTC,59.823,20,289,1230,1519,CCCAAGAGAGCGTGTGACTT,59.966,20,CTCATGGCTTCCTCTCGCTT,59.822,20,290,1230,1520,
CENHV09886,contig15816,di,(AT)8,ATATATATATATATAT,16,3116,3131,GCTGAGATACCACAACCGCT,60.108,20,TCTGGGCAGGGGTTGAAAAA,59.737,20,287,3072,3358,GCTGAGATACCACAACCGCT,60.108,20,TGGGCATTGCGCTTCATTTT,59.679,20,191,3072,3263,GCTGAGATACCACAACCGCT,60.108,20,GTGGGCATTGCGCTTCATTT,60.39,20,192,3072,3264,
CENHV10067,contig17161,di,(TC)8,TCTCTCTCTCTCTCTC,16,556,571,TCTGAGTACCACACTGCCAA,58.581,20,CCTGGCAAGGGAATCAACCT,59.96,20,384,338,721,ATCTGAGTACCACACTGCCA,58.355,20,CCTGGCAAGGGAATCAACCT,59.96,20,384,337,721,TCTGAGTACCACACTGCCAAT,59.022,21,CCTGGCAAGGGAATCAACCT,59.96,20,383,338,721,
CENHV11990,contig1715,di,(AT)8,ATATATATATATATAT,16,16019,16034,CCGCTCAGTCCCATCCAAAT,60.107,20,AAATGGGGTGGTGGCTACTG,59.96,20,359,15886,16244,CCGCTCAGTCCCATCCAAAT,60.107,20,GGTGGTGGCTACTGGTGTTT,60.179,20,352,15886,16238,GCTCCATCACGCTCGTTTTC,59.905,20,CCCAACTGCAGTACCTGGAC,60.322,20,299,15791,16090,
CENHV12426,contig13389,di,(TA)8,TATATATATATATATA,16,5450,5465,CTGACCTTGGCTTTGACTGC,59.405,20,ACGGGCGAAAAGAGAAGGAG,60.037,20,386,5139,5524,CTGACCTTGGCTTTGACTGC,59.405,20,GACGGGCGAAAAGAGAAGGA,60.038,20,386,5139,5525,CTGACCTTGGCTTTGACTGC,59.405,20,AGAGAAGGAGACAGCCCAGT,59.884,20,375,5139,5514,
CENHV12889,contig3339,di,(TA)8,TATATATATATATATA,16,1785,1800,ACCCTTTTCAGAGCAAGTGGA,59.505,21,GACTACTCAGAAAGGGTGAACT,57.124,22,385,1705,2089,ACCCTTTTCAGAGCAAGTGGAT,59.891,22,TGACTACTCAGAAAGGGTGAAC,57.398,22,385,1705,2090,ACCCTTTTCAGAGCAAGTGGAT,59.891,22,GACTACTCAGAAAGGGTGAACT,57.124,22,384,1705,2089,
CENHV13670,contig29128,di,(AT)8,ATATATATATATATAT,16,523,538,TGAACATGGCCCACACTCTC,59.963,20,AGACTGGAGTCAGGGCTTTT,58.56,20,274,302,575,CTGAACATGGCCCACACTCT,59.963,20,AGACTGGAGTCAGGGCTTTT,58.56,20,274,301,575,TTCTGAACATGGCCCACACT,59.522,20,AGACTGGAGTCAGGGCTTTT,58.56,20,276,299,575,
CENHV14254,contig19385,di,(TC)8,TCTCTCTCTCTCTCTC,16,6923,6938,TCTCTGACTGACAAAACCGAA,57.188,21,ATCGGTTGGGAAGTGATCGG,59.822,20,357,6820,7176,TCTCTGACTGACAAAACCGAAA,57.868,22,ATCGGTTGGGAAGTGATCGG,59.822,20,356,6820,7176,ATCTCTGACTGACAAAACCGAA,57.663,22,ATCGGTTGGGAAGTGATCGG,59.822,20,357,6819,7176,
CENHV14363,contig17019,di,(AT)8,ATATATATATATATAT,16,9601,9616,GCAAGTTCGGGTGGAGGATT,60.323,20,ACACTCCCTCCCTCTTACCC,59.957,20,371,9315,9685,ATCAAGCAAGTTCGGGTGGA,59.6,20,ACACTCCCTCCCTCTTACCC,59.957,20,375,9310,9685,TCAAGCAAGTTCGGGTGGAG,60.25,20,CACTCCCTCCCTCTTACCCT,59.66,20,373,9311,9684,
CENHV14836,contig12751,di,(TA)8,TATATATATATATATA,16,2085,2100,GCATGACCCAAACACCAACC,59.967,20,GCGAAAGTTGAGGGCACAAG,60.04,20,305,1907,2211,GGCATGACCCAAACACCAAC,59.967,20,GCGAAAGTTGAGGGCACAAG,60.04,20,305,1906,2211,CCCATCCCCATCTCCAACAC,60.107,20,GCGAAAGTTGAGGGCACAAG,60.04,20,327,1884,2211,
CENHV17639,contig42966,di,(AT)8,ATATATATATATATAT,16,4298,4313,ATTGGGCTCCTTCACTCACA,58.933,20,CCTGGCAATGGAGATGGAGA,59.158,20,329,4145,4473,TGTGAAAAGGTGAAGGGACCA,59.433,21,ACCTGGCAATGGAGATGGAG,59.45,20,387,4087,4474,CAGGGTTATTGGGCTCCTTCA,59.715,21,CCTGGCAATGGAGATGGAGA,59.158,20,335,4138,4473,
CENHV18493,contig17028,di,(AT)8,ATATATATATATATAT,16,5601,5616,CCCACCAACCACCTAACCAA,59.814,20,TAGCAGATGGCTGCAAGGTC,60.108,20,310,5473,5782,CCCACCAACCACCTAACCAA,59.814,20,TTTTGGGGGAAGGAGGCTTG,60.179,20,334,5473,5807,CCCACCAACCACCTAACCAA,59.814,20,TCAGCTGACCTGCACACAAG,60.534,20,357,5473,5830,
CENHV00225,contig18788,di,(CT)9,CTCTCTCTCTCTCTCTCT,18,3812,3829,AACGCGCACGAATAAATCGG,59.974,20,GGAGTGAGGTTGAGGCATGT,59.674,20,291,3687,3977,CTCTTAGACGAACCTCCGCC,59.899,20,GGAGTGAGGTTGAGGCATGT,59.674,20,341,3636,3977,ACCGAACCTACAAAGTGCGT,59.895,20,GGAGTGAGGTTGAGGCATGT,59.674,20,263,3714,3977,
CENHV01196,contig1479,tri,(TGA)6,TGATGATGATGATGATGA,18,17957,17974,GCATGAAGGAGCGCCAAAAT,59.826,20,CATCTGGACCAGCTTCCCAC,60.394,20,246,17838,18083,GGCAGGCTTCATGCATGTTC,60.179,20,CATCTGGACCAGCTTCCCAC,60.394,20,367,17716,18083,TACCACTGGCATGAAGGAGC,59.747,20,CATCTGGACCAGCTTCCCAC,60.394,20,253,17830,18083,
CENHV02121,contig1051,tri,(ATT)6,ATTATTATTATTATTATT,18,19370,19387,AGAGCTCATTTGTGGCAGAAGA,59.961,22,TCCGCGCAAGAGCTATTCAT,59.895,20,291,19311,19601,AGAGCTCATTTGTGGCAGAAGA,59.961,22,ATCCGCGCAAGAGCTATTCA,59.895,20,291,19311,19602,AGCTCACAAATGCCCAGAGA,59.305,20,AATATCTCCCCCTCTCCCCT,58.424,20,281,19129,19410,
CENHV02645,contig219,tri,(AAG)6,AAGAAGAAGAAGAAGAAG,18,20488,20505,TCACCCACTTTCTCACCCAA,58.782,20,TCCACTGTCGTGTTTCATCCT,59.308,21,396,20236,20631,TTCACCCACTTTCTCACCCA,58.782,20,TCCACTGTCGTGTTTCATCCT,59.308,21,396,20235,20631,TCTTCTTGGCCCAATTCAGT,57.022,20,CCGCTTGTATCCACTGTCGT,60.109,20,260,20380,20640,
CENHV02646,contig219,tri,(ATC)6,ATCATCATCATCATCATC,18,22675,22692,CAGCACGGAGCAAATCATCG,59.973,20,ACGCTATCTTCAGCATGGGT,59.167,20,321,22554,22874,ATGTGATCAGCACGGAGCAA,60.036,20,ACGCTATCTTCAGCATGGGT,59.167,20,327,22547,22874,CCCATCAACCCTCGACCAAA,59.962,20,ACGCTATCTTCAGCATGGGT,59.167,20,274,22600,22874,
CENHV02655,contig28292,tri,(CAA)6,CAACAACAACAACAACAA,18,3535,3552,CAAGAGCAAGCTGCTCGAAA,59.13,20,CGACAACCTCTTGGTCCTCC,60.037,20,394,3500,3893,CAAGAGCAAGCTGCTCGAAA,59.13,20,CCGACAACCTCTTGGTCCTC,60.037,20,394,3500,3894,CAAGAGCAAGCTGCTCGAAA,59.13,20,AAACCAACCCCCAAACTGGT,59.957,20,225,3500,3725,
CENHV04327,contig54199,tri,(ATG)6,ATGATGATGATGATGATG,18,5321,5338,TGGTGTCCTCCTCCTCAAGT,59.809,20,GCAGAAGAACCACCATCTCTCA,60.028,22,254,5157,5410,AGTTGGTGTCCTCCTCCTCA,59.809,20,GCAGAAGAACCACCATCTCTCA,60.028,22,256,5154,5410,TGGTGTCCTCCTCCTCAAGT,59.809,20,AGCAGAAGAACCACCATCTCTC,59.764,22,254,5157,5411,
CENHV04621,contig52258,tri,(TCA)6,TCATCATCATCATCATCA,18,2857,2874,AACCCTCCTCGTCCTCCTAC,60.033,20,CGGGAAGGGAAGTGGTATGG,59.82,20,195,2746,2940,ATCTTTCCCCTCAGCTCCCT,59.955,20,CGGGAAGGGAAGTGGTATGG,59.82,20,355,2585,2940,CGATCTTTCCCCTCAGCTCC,59.894,20,CGGGAAGGGAAGTGGTATGG,59.82,20,357,2583,2940,
CENHV04696,contig33760,di,(AT)9,ATATATATATATATATAT,18,5909,5926,AGGTGGGCCATGCAGTAAAT,59.664,20,GGGAACAGACTGGAAACCGT,59.892,20,278,5801,6078,AGGTGGGCCATGCAGTAAAT,59.664,20,GCTTGGGGAACAGACTGGAA,59.89,20,282,5801,6083,TTTTCCAGAACCAGGTGGGC,60.469,20,GGGAACAGACTGGAAACCGT,59.892,20,289,5789,6078,
CENHV05014,contig13109,tri,(GAT)6,GATGATGATGATGATGAT,18,8235,8252,TGTGCAGGACGTGGGAAAAT,60.179,20,CCCCTGCTAGGTTAGCCTCT,60.399,20,345,7987,8331,TTACTTGTGCAGGACGTGGG,60.25,20,CCCCTGCTAGGTTAGCCTCT,60.399,20,349,7982,8331,TTGTGCAGGACGTGGGAAAA,60.394,20,CCCCTGCTAGGTTAGCCTCT,60.399,20,345,7986,8331,
CENHV05282,contig13586,di,(TA)9,TATATATATATATATATA,18,7963,7980,GGCCTCCTTACTTCAATTCTGG,58.717,22,TGGTCAACCATTTTTCCCCT,57.215,20,353,7737,8089,ACAATCATGCTAGAGACACCCT,58.889,22,GCACCTACGTTCATTCATGTCA,59,22,397,7638,8035,ACAATCATGCTAGAGACACCCT,58.889,22,TGCACCTACGTTCATTCATGTC,59,22,398,7638,8036,
CENHV05514,contig391,di,(AT)9,ATATATATATATATATAT,18,9041,9058,TGTGGAGTGAGACTTGAATTGG,58.256,22,ATTTACCTGGGCCTTCAGCC,60.033,20,337,8862,9198,TGTGGAGTGAGACTTGAATTGG,58.256,22,AGAACGCAGGCACACACATA,59.965,20,281,8862,9143,TGTGGAGTGAGACTTGAATTGG,58.256,22,TAGAACGCAGGCACACACAT,59.965,20,282,8862,9144,
CENHV05636,contig23150,tri,(ATC)6,ATCATCATCATCATCATC,18,10805,10822,AGTTGTCCGTGGGATGAACC,59.964,20,GAATGTGAGCGATTGCGGTG,60.248,20,333,10691,11023,CGTGGGATGAACCCCAAGAA,59.962,20,GAATGTGAGCGATTGCGGTG,60.248,20,325,10698,11023,ATTGCAGTTGTCCGTGGGAT,59.962,20,GAATGTGAGCGATTGCGGTG,60.248,20,337,10686,11023,
CENHV05909,contig22624,di,(TA)9,TATATATATATATATATA,18,5116,5133,CTCCCAAGTCACCTTTCCCC,59.962,20,TCGGGATTGAATCTGATGGGC,60.203,21,249,4962,5210,CCTCCCAAGTCACCTTTCCC,59.962,20,TCGGGATTGAATCTGATGGGC,60.203,21,249,4961,5210,CTCCCAAGTCACCTTTCCCC,59.962,20,CGGGATTGAATCTGATGGGCT,60.203,21,247,4962,5209,
CENHV06018,contig19121,di,(TC)9,TCTCTCTCTCTCTCTCTC,18,605,622,CTGCCGATCGGTCCTTCTTT,60.108,20,TGATGATGGTGGTGGTGGTG,59.962,20,231,538,768,CTGCCGATCGGTCCTTCTTT,60.108,20,GTGACAGGATGGGAAGGAGC,60.107,20,344,538,882,GAGGCTGATATTGCTGCCGA,60.25,20,TGATGATGGTGGTGGTGGTG,59.962,20,243,525,768,
CENHV06963,contig22521,tri,(ATG)6,ATGATGATGATGATGATG,18,2418,2435,TGGAGTCTGACATCGCCAAC,60.037,20,GCGGCCTATCGTTCTCATCA,59.968,20,299,2308,2606,GGCCAGACATCAATGACCCA,60.034,20,CGATTGGGTTCCCACTGTCA,59.964,20,314,2178,2492,TGGCCAGACATCAATGACCC,60.034,20,CGATTGGGTTCCCACTGTCA,59.964,20,315,2177,2492,
CENHV06968,contig22521,tri,(TCA)6,TCATCATCATCATCATCA,18,7062,7079,AAGCAGCAGGGAGCTGTTAG,60.036,20,TGTCTCCACATAACTGCCCT,58.343,20,288,6882,7169,GGTGGAAGAGCAAAAGCAGC,60.039,20,TGTCTCCACATAACTGCCCT,58.343,20,300,6869,7169,AAGAGCAAAAGCAGCAGGGA,60.179,20,TGTCTCCACATAACTGCCCT,58.343,20,295,6874,7169,
CENHV07371,contig1820,tri,(TTA)6,TTATTATTATTATTATTA,18,11857,11874,CACCAGGTCTTTCCTGTCGT,59.607,20,AACCCCAAACGGATCACCAG,60.251,20,374,11828,12201,GTCTTTCCTGTCGTTGGTGC,59.413,20,AACCCCAAACGGATCACCAG,60.251,20,367,11834,12201,CACCAGGTCTTTCCTGTCGT,59.607,20,CCAAACGGATCACCAGCAAG,59.477,20,369,11828,12197,
CENHV08301,contig22472,di,(TA)9,TATATATATATATATATA,18,8658,8675,TGCTTTGGAAACAGTGTCAGG,58.976,21,ACACTTGAAAGCAGGCAGGA,59.817,20,330,8478,8807,GCTTTGGAAACAGTGTCAGGAG,59.708,22,ACACTTGAAAGCAGGCAGGA,59.817,20,328,8479,8807,GCTTTGGAAACAGTGTCAGGA,58.702,21,ACACTTGAAAGCAGGCAGGA,59.817,20,328,8479,8807,
CENHV09343,contig36638,di,(GA)9,GAGAGAGAGAGAGAGAGA,18,642,659,TACCCCCAGCTTAGGGAGAC,60.031,20,GGGTTCCTGTTAATCAACCTCC,58.646,22,291,428,718,CCCCAGCTTAGGGAGACTGT,60.619,20,GGGTTCCTGTTAATCAACCTCC,58.646,22,287,431,718,TACCCCCAGCTTAGGGAGAC,60.031,20,TGGGTTCCTGTTAATCAACCTC,57.971,22,291,428,719,
CENHV09669,contig29398,tri,(GAT)6,GATGATGATGATGATGAT,18,5422,5439,TTGGGTCCACCTGAATTGGT,59.143,20,TGGGTGGATATGATGAAAGGGT,58.87,22,337,5232,5568,TTGGGTCCACCTGAATTGGT,59.143,20,GGGTGGATATGATGAAAGGGTG,58.51,22,335,5232,5567,TTTGGGTCCACCTGAATTGGT,59.781,21,TGGGTGGATATGATGAAAGGGT,58.87,22,337,5231,5568,
CENHV09670,contig29398,tri,(CAT)6,CATCATCATCATCATCAT,18,7238,7255,CGACTTTCGTGACACCCAGA,59.968,20,TGGCAAGCTCAACGGATGAA,60.251,20,372,6979,7350,TCGACTTTCGTGACACCCAG,59.968,20,TGGCAAGCTCAACGGATGAA,60.251,20,372,6978,7350,CTCACGTCCTCCTCCTACCA,60.034,20,TGGCAAGCTCAACGGATGAA,60.251,20,157,7193,7350,
CENHV10296,contig103604,tri,(GGA)6,GGAGGAGGAGGAGGAGGA,18,2315,2332,TACCGCTGCTGTTCACTTGT,59.894,20,CGGAGCATGGCGGTTTAGTA,60.179,20,342,2024,2365,TGCGATGCTCATCTTGCTCA,60.108,20,CGGAGCATGGCGGTTTAGTA,60.179,20,239,2126,2365,TGCGATGCTCATCTTGCTCA,60.108,20,GCTACCGCCTTGGAGAAACA,60.321,20,354,2126,2480,
CENHV10666,contig26996,di,(TA)9,TATATATATATATATATA,18,7602,7619,ACTCGACATCTGGCTTTGCT,59.677,20,TGTGAATTGCGCCACCTAGA,59.677,20,357,7361,7717,TCGACATCTGGCTTTGCTCC,60.392,20,TGTGAATTGCGCCACCTAGA,59.677,20,354,7363,7717,ACATCTGGCTTTGCTCCACC,60.61,20,TGTGAATTGCGCCACCTAGA,59.677,20,351,7366,7717,
CENHV13710,contig15709,tri,(GAA)6,GAAGAAGAAGAAGAAGAA,18,5950,5967,AGAGCAATGGGACAATGGGG,60.033,20,CGTTTGCTGTCCTTCAAGCC,60.04,20,351,5909,6259,GGGGGCTGAGAGGTAGAAGA,60.032,20,GGCCTCACGATCTCTCCTTG,59.896,20,284,5926,6210,TATCGGACCAAGAGGGCTGA,60.033,20,GGCCTCACGATCTCTCCTTG,59.896,20,354,5856,6210,
CENHV13922,contig21522,tri,(CAA)6,CAACAACAACAACAACAA,18,8125,8142,AGGTTCCAAGATCGTGACAGT,59.029,21,TCATCAACCCCATCCCTTGC,60.033,20,372,7970,8341,AGGTTCCAAGATCGTGACAGT,59.029,21,CCACCTGTCTCATCAACCCC,60.035,20,380,7970,8350,GAGGTTCCAAGATCGTGACAGT,60.029,22,TCATCAACCCCATCCCTTGC,60.033,20,372,7969,8341,
CENHV14022,contig69732,tri,(ATC)6,ATCATCATCATCATCATC,18,1406,1423,ATCAGGTACCGCAAGTGCTC,60.108,20,TTGGAGAAGGGACCACCAGA,60.105,20,359,1253,1611,GATCAGGTACCGCAAGTGCT,60.108,20,TTGGAGAAGGGACCACCAGA,60.105,20,359,1252,1611,GGCTGCTCATCAAGTTTGGC,60.109,20,TTGGAGAAGGGACCACCAGA,60.105,20,334,1277,1611,
CENHV14023,contig69732,tri,(ACT)6,ACTACTACTACTACTACT,18,2044,2061,GTCTTGGCACCTTGTCCTCA,59.891,20,GCCTGGGATGCGTCATGATT,60.821,20,257,1839,2095,GTTCTTGGGTCTTGGCACCT,60.179,20,GCCTGGGATGCGTCATGATT,60.821,20,264,1831,2095,TCTTGGGTCTTGGCACCTTG,60.179,20,GCCTGGGATGCGTCATGATT,60.821,20,262,1833,2095,
CENHV14145,contig18627,di,(AT)9,ATATATATATATATATAT,18,2582,2599,TAAACCTTTCCCGCTCGTGG,60.321,20,AGACGATGAGGTACGGGGTT,60.324,20,397,2458,2854,TAAACCTTTCCCGCTCGTGG,60.321,20,AAGACGATGAGGTACGGGGT,60.324,20,397,2458,2855,TAAACCTTTCCCGCTCGTGG,60.321,20,GAAGACGATGAGGTACGGGG,59.615,20,398,2458,2856,
CENHV14365,contig15412,di,(AT)9,ATATATATATATATATAT,18,40801,40818,TCACAACATTGACACACCCA,57.573,20,CTCCCCCACTCTCCCCAAAT,60.921,20,360,40694,41053,CATCACAACATTGACACACCCA,59.378,22,CTCCCCCACTCTCCCCAAAT,60.921,20,361,40692,41053,ACATCACAACATTGACACACCC,59.377,22,CTCCCCCACTCTCCCCAAAT,60.921,20,362,40691,41053,
CENHV15248,contig14844,tri,(GCT)6,GCTGCTGCTGCTGCTGCT,18,11716,11733,TCGCCTATGACCGAATGAGC,59.968,20,TATTGCCCGGGATGACGATG,59.965,20,198,11654,11851,ACAACACGCCGTCCTTGTAT,59.966,20,TATTGCCCGGGATGACGATG,59.965,20,323,11528,11851,TCGCCTATGACCGAATGAGC,59.968,20,ACCCGAGCGAGATTTGAGTC,59.826,20,176,11654,11830,
CENHV17282,contig17359,di,(AG)9,AGAGAGAGAGAGAGAGAG,18,1875,1892,GGAGGGACATATTGAGGCCC,59.598,20,TGTTGTGCTGTCGAACGAGT,60.179,20,382,1656,2037,GGAGGGACATATTGAGGCCC,59.598,20,TCATGTTGTGCTGTCGAACG,59.141,20,384,1656,2040,GGAGGGACATATTGAGGCCC,59.598,20,CATGTTGTGCTGTCGAACGAG,60.137,21,383,1656,2039,
CENHV17597,contig3190,tri,(TCT)6,TCTTCTTCTTCTTCTTCT,18,6463,6480,ACCAGTACCCATCACAAGTCC,59.371,21,GCAACTGCAGAGGATTCAGC,59.549,20,315,6393,6707,CCAGTACCCATCACAAGTCCT,59.091,21,GCAACTGCAGAGGATTCAGC,59.549,20,313,6394,6707,ACCAGTACCCATCACAAGTCC,59.371,21,AGTGCAACTGCAGAGGATTCA,59.927,21,317,6393,6710,
CENHV17603,contig16681,di,(TA)9,TATATATATATATATATA,18,2997,3014,GCGATTGCATAAGCTGGCAT,59.687,20,GAGGGCGGGTTTCATTCTGA,60.035,20,387,2857,3243,CTGCGATTGCATAAGCTGGC,60.318,20,GAGGGCGGGTTTCATTCTGA,60.035,20,388,2855,3243,GCGATTGCATAAGCTGGCAT,59.687,20,ACTTGAGGGCGGGTTTCATT,59.888,20,390,2857,3247,
CENHV17709,contig12439,tri,(ATC)6,ATCATCATCATCATCATC,18,9332,9349,CGGTAGCCTGATGAGTCGAA,59.261,20,CTAAACACGCCACCCAAAGC,60.04,20,340,9296,9635,TTCGGTAGCCTGATGAGTCG,59.261,20,CTAAACACGCCACCCAAAGC,60.04,20,341,9294,9635,CGGTAGCCTGATGAGTCGAA,59.261,20,ACACTAAACACGCCACCCAA,60.107,20,342,9296,9638,
CENHV02595,contig19372,di,(TG)10,TGTGTGTGTGTGTGTGTGTG,20,14391,14410,TCCGGTGCAATTGTTTTAGCA,59.043,21,TGTTTGCCTGGTTGCTTCAC,59.541,20,348,14261,14608,CCATTCATCCGGTGCAATTGTT,60.094,22,TGTTTGCCTGGTTGCTTCAC,59.541,20,354,14254,14608,TCCGGTGCAATTGTTTTAGCA,59.043,21,GTTTGCCTGGTTGCTTCACT,59.253,20,346,14261,14607,
CENHV03910,contig1993,tetra,(AGAT)5,AGATAGATAGATAGATAGAT,20,10438,10457,CGACTTGACTGTGCATCCCT,60.037,20,GCCACTTCGTCGTCAGTACA,60.04,20,277,10303,10579,TCGACTTGACTGTGCATCCC,60.037,20,GCCACTTCGTCGTCAGTACA,60.04,20,277,10302,10579,CGACTTGACTGTGCATCCCT,60.037,20,AAAGCCACTTCGTCGTCAGT,59.896,20,279,10303,10582,
CENHV07787,contig18429,tetra,(ATGG)5,ATGGATGGATGGATGGATGG,20,14943,14962,TGATATGCTTGCACTTGGGTCT,60.026,22,TTCACTGTGGTAGGAGGGGG,60.547,20,348,14753,15100,TGATATGCTTGCACTTGGGTCT,60.026,22,GTTCACTGTGGTAGGAGGGG,59.386,20,348,14753,15101,TGATATGCTTGCACTTGGGTCT,60.026,22,GGTAGGAGGGGGCAGAAAGA,60.621,20,339,14753,15092,
CENHV08278,contig19858,di,(CT)10,CTCTCTCTCTCTCTCTCTCT,20,4457,4476,TTCGATCCCTCTGCCGATTG,59.895,20,TGTCCATCGACCGTTACCAG,59.471,20,365,4233,4597,TTCGATCCCTCTGCCGATTG,59.895,20,GTCCATCGACCGTTACCAGA,59.187,20,363,4233,4596,TTCGATCCCTCTGCCGATTG,59.895,20,TTGTCCATCGACCGTTACCA,59.032,20,365,4233,4598,
CENHV08302,contig2366,tetra,(AATT)5,AATTAATTAATTAATTAATT,20,3579,3598,TGAGTTCGAAAACTGCTTGCC,59.666,21,AGCATGTTGGTGGTTCCCAA,60.106,20,348,3299,3646,TGAGTTCGAAAACTGCTTGCC,59.666,21,GCATGTTGGTGGTTCCCAAG,59.682,20,346,3299,3645,TGAGTTCGAAAACTGCTTGCC,59.666,21,TACGGACAGCATGTTGGTGG,60.321,20,354,3299,3653,
CENHV09495,contig22051,di,(TA)10,TATATATATATATATATATA,20,3124,3143,ATTGCCTAAAGCTGGGGGTC,60.033,20,GCCTTTTTACGGTGCGTGTT,59.97,20,296,2911,3206,CAATTCGCTCAGCCCTGGTA,60.108,20,GCCTTTTTACGGTGCGTGTT,59.97,20,160,3046,3206,AATTCGCTCAGCCCTGGTAG,59.821,20,GCCTTTTTACGGTGCGTGTT,59.97,20,159,3047,3206,
CENHV10232,contig30435,tetra,(AAAG)5,AAAGAAAGAAAGAAAGAAAG,20,4656,4675,TCTCTCGCCATCCTTACCTT,57.839,20,GTGGGGCACTCAAAAGGAGT,60.179,20,348,4487,4834,TCTCTCGCCATCCTTACCTT,57.839,20,TGTGGGGCACTCAAAAGGAG,60.179,20,348,4487,4835,TCTCTCGCCATCCTTACCTT,57.839,20,GCTCGTGATCTGGCTGCATA,60.25,20,299,4487,4786,
CENHV11031,contig1638,di,(AT)10,ATATATATATATATATATAT,20,8707,8726,AAGATGGATTGGCCTGCACA,59.96,20,TTCACCAAATGGAAGCCCCA,59.81,20,222,8539,8760,AAGATGGATTGGCCTGCACA,59.96,20,TCACCAAATGGAAGCCCCAC,60.542,20,220,8539,8759,AAGATGGATTGGCCTGCACA,59.96,20,GGAAGCCCCACCCTCATATT,59.146,20,211,8539,8750,
CENHV11991,contig1715,di,(AT)10,ATATATATATATATATATAT,20,16604,16623,TAGGATCTTTTCCTGCGGCG,60.179,20,AAAGTAAAAGGGGGCTTGTCA,57.678,21,341,16546,16886,TAGGATCTTTTCCTGCGGCG,60.179,20,ACAAAAGTAAAAGGGGGCTTGT,58.62,22,343,16546,16889,TAGGATCTTTTCCTGCGGCG,60.179,20,AGTAAAAGGGGGCTTGTCATT,57.457,21,338,16546,16884,
CENHV12457,contig18048,di,(TA)10,TATATATATATATATATATA,20,7624,7643,TTTTGGGTCACTGGGTGGAC,60.106,20,TATGTGATGTGCTGCCCTCC,59.819,20,362,7340,7701,ATTCCCCTCTGAGGATGGCT,60.029,20,CTGCCCTCCTTCCACAGAAA,59.598,20,140,7550,7690,TCTGAATGCAGAAGCCTCCC,59.746,20,TATGTGATGTGCTGCCCTCC,59.819,20,196,7505,7701,
CENHV13476,contig30406,tetra,(TAGT)5,TAGTTAGTTAGTTAGTTAGT,20,4958,4977,AGCCAGGTAGTTGATTTCCAA,57.193,21,AGAATCTGGCAGCAGCATGT,60.034,20,370,4796,5165,AGCCAGGTAGTTGATTTCCAA,57.193,21,AGGTCAGGTGGAGAAAGGGA,59.806,20,392,4796,5188,AGCCAGGTAGTTGATTTCCAA,57.193,21,GGAGACAGGTCAGGTGGAGA,60.252,20,398,4796,5194,
CENHV13728,contig25431,di,(AT)10,ATATATATATATATATATAT,20,1734,1753,ACCACATCTCAGTCAAGTCACG,60.288,22,TGGAATTGGGAAATGAACTTGC,57.73,22,344,1501,1844,CCACATCTCAGTCAAGTCACG,58.668,21,TGGAATTGGGAAATGAACTTGC,57.73,22,342,1502,1844,CACATCTCAGTCAAGTCACGTT,58.615,22,TGGAATTGGGAAATGAACTTGC,57.73,22,341,1503,1844,
CENHV14069,contig16555,di,(TA)10,TATATATATATATATATATA,20,11256,11275,CGAGGCATGTTTTGCGAAGT,59.762,20,CCCCCATCTTTAACACCCCC,60.033,20,344,11143,11486,AGCTTCGAGGCATGTTTTGC,59.758,20,CCCCCATCTTTAACACCCCC,60.033,20,348,11138,11486,CGAGGCATGTTTTGCGAAGT,59.762,20,CCCCAAGGCAATACCAACCA,60.252,20,327,11143,11470,
CENHV14169,contig12562,di,(TA)10,TATATATATATATATATATA,20,5098,5117,AGCAGTATTGTGAAGCCACCA,59.926,21,ACCGTCATACCTCCGACTGA,60.035,20,286,4976,5261,GAAGCCACCATTGGTAACAGC,59.798,21,ACCGTCATACCTCCGACTGA,60.035,20,274,4987,5261,AGCCACCATTGGTAACAGCTT,60.203,21,ACCGTCATACCTCCGACTGA,60.035,20,272,4989,5261,
CENHV14314,contig12588,di,(AG)10,AGAGAGAGAGAGAGAGAGAG,20,1278,1297,AGAGCAACTGTTCTCATCACA,57.241,21,TGGAGCGGAAAAGGTTGGAT,59.596,20,339,1040,1378,AGAGCAACTGTTCTCATCACA,57.241,21,GTGGAGCGGAAAAGGTTGGA,60.536,20,339,1040,1379,AGAGCAACTGTTCTCATCACA,57.241,21,TGGATTGCTAGGCACAAGGA,59.009,20,390,1040,1430,
CENHV15658,contig17941,di,(AC)10,ACACACACACACACACACAC,20,5750,5769,TGGCTCTTGGGCTCATCTTC,59.746,20,AAAGATGGAAGGGGGCAAGG,59.958,20,133,5675,5807,CATCCTTCCCCTTGCGGTTA,59.745,20,AAAGATGGAAGGGGGCAAGG,59.958,20,185,5622,5807,TGGCTCTTGGGCTCATCTTC,59.746,20,ATGGAAGGGGGCAAGGTTTT,59.807,20,128,5675,5803,
CENHV18144,contig19750,tetra,(TTTA)5,TTTATTTATTTATTTATTTA,20,7309,7328,AGAACGCCGATCAGGGAATC,59.895,20,TCTCCTTTGCATCGACTGGC,60.392,20,338,7181,7518,CAAGAGGATGCGACCACCAT,60.108,20,TCTCCTTTGCATCGACTGGC,60.392,20,310,7208,7518,AGAACGCCGATCAGGGAATC,59.895,20,CCCCTTTGCTCACCTCTTCA,59.598,20,318,7181,7499,
CENHV18254,contig5258,di,(AT)10,ATATATATATATATATATAT,20,26532,26551,ACGCATAGCCGAACGAAAGA,60.109,20,CTGCTTCCCGTCCCTCAAA,59.625,19,399,26175,26573,GACGCATAGCCGAACGAAAG,59.702,20,CTGCTTCCCGTCCCTCAAA,59.625,19,399,26174,26573,CGCATAGCCGAACGAAAGAA,59.004,20,CTGCTTCCCGTCCCTCAAA,59.625,19,397,26176,26573,
CENHV00361,contig6155,tri,(ATC)7,ATCATCATCATCATCATCATC,21,3637,3657,TTTATTGCCGTCGTCCGTCT,59.756,20,CAGGCAGAGTCATCATCGCA,60.179,20,213,3488,3700,TTTATTGCCGTCGTCCGTCT,59.756,20,TGCAGGCAGAGTCATCATCG,60.179,20,214,3488,3702,ACACAACAACCTGTCGTCCA,59.749,20,CAGGCAGAGTCATCATCGCA,60.179,20,337,3363,3700,
CENHV02160,contig12657,tri,(CTA)7,CTACTACTACTACTACTACTA,21,1107,1127,CTGCTTCTGGCGCAATCATC,59.971,20,CTGCTTGTTCGCGTTTGGAA,59.971,20,330,964,1293,GGCGCAATCATCACCGATTC,60.041,20,CTGCTTGTTCGCGTTTGGAA,59.971,20,321,972,1293,CTGCTTCTGGCGCAATCATC,59.971,20,TCCAACACCAAGCTCATGCT,59.889,20,387,964,1351,
CENHV03896,contig23260,tri,(AAT)7,AATAATAATAATAATAATAAT,21,9310,9330,AAAGGGGGAGAAAGCGAAGG,59.962,20,TCTCCGTCGCTTTTGAAGCA,60.25,20,375,8996,9370,AGTGACAAGGCAAGCCAAGA,59.817,20,TCTCCGTCGCTTTTGAAGCA,60.25,20,222,9148,9370,GTGACAAGGCAAGCCAAGAA,58.968,20,TCTCCGTCGCTTTTGAAGCA,60.25,20,221,9149,9370,
CENHV07206,contig3170,tri,(GAA)7,GAAGAAGAAGAAGAAGAAGAA,21,4846,4866,GCTTTATAGCCCCACCTCACA,59.788,21,TGTTTCGGTCTTGCTCTCGT,59.612,20,362,4581,4942,TGCTTTATAGCCCCACCTCAC,59.788,21,TGTTTCGGTCTTGCTCTCGT,59.612,20,362,4580,4942,GCCCCACCTCACATAATGTCT,59.787,21,TGTTTCGGTCTTGCTCTCGT,59.612,20,353,4589,4942,
CENHV08616,contig1235,tri,(ACA)7,ACAACAACAACAACAACAACA,21,11816,11836,TTGGACACTCATCACCCTCC,59.016,20,TCCTTCCACATTGACACCACT,59.226,21,357,11594,11950,ACTCATCACCCTCCATCCTCA,59.991,21,TCCTTCCACATTGACACCACT,59.226,21,350,11600,11950,GACACTCATCACCCTCCATCC,59.86,21,TCCTTCCACATTGACACCACT,59.226,21,353,11597,11950,
CENHV12267,contig15870,tri,(TCC)7,TCCTCCTCCTCCTCCTCCTCC,21,8323,8343,CTTCCTCTTCCTCCCCCTCA,59.957,20,GGACCAGAACCCAACCCATT,59.886,20,376,8299,8674,TTCCTCTTCCTCCCCCTCAC,60.253,20,GGACCAGAACCCAACCCATT,59.886,20,374,8300,8674,TCCCCATCCTCCTCTTCCTC,59.734,20,GGACCAGAACCCAACCCATT,59.886,20,394,8280,8674,
CENHV13324,contig16838,tri,(ATG)7,ATGATGATGATGATGATGATG,21,3118,3138,AGCTGGAAGAGGAGGGAGAG,60.032,20,GGGTTTAACGGGTCCTCCTG,60.036,20,358,2958,3315,AGCTGGAAGAGGAGGGAGAG,60.032,20,CGCCCTTCCAGACTGTCAAT,60.036,20,277,2958,3235,AGAGGTGGGATGCCTTGTTG,59.961,20,CCCCTTGTTCCCCAATCTCC,60.033,20,391,2974,3365,
CENHV15005,contig16336,tri,(ATC)7,ATCATCATCATCATCATCATC,21,16663,16683,TGCACCACAATCTCCGGTTT,60.179,20,TTCCCGCTCTCACCCTCATA,60.033,20,351,16365,16715,TGCACCACAATCTCCGGTTT,60.179,20,CCCAACTCCGCACCACTAAT,60.035,20,380,16365,16745,TGCACCACAATCTCCGGTTT,60.179,20,TTTTTCCCGCTCTCACCCTC,59.964,20,353,16365,16718,
CENHV15920,contig13902,tri,(GTG)7,GTGGTGGTGGTGGTGGTGGTG,21,5048,5068,TGGCGGTATCGTTACTGGTG,59.826,20,TCTGCTCTACCTCTCGCTCT,59.456,20,243,5024,5266,CCATCCTTGGCGGTATCGTT,60.179,20,TCTGCTCTACCTCTCGCTCT,59.456,20,249,5017,5266,TGGCGGTATCGTTACTGGTG,59.826,20,TGCTCTACCTCTCGCTCTCG,60.812,20,240,5024,5264,
CENHV17090,contig18421,tri,(ATC)7,ATCATCATCATCATCATCATC,21,3897,3917,ATCCTCCCATCCCGTCTCTC,60.179,20,CCACCCAAGTTGGAGCATGA,60.251,20,254,3770,4023,ATCCTCCCATCCCGTCTCTC,60.179,20,ACAAACTCAGCCACCCAAGT,59.741,20,263,3770,4033,TCCCATCCCGTCTCTCATCA,59.738,20,CCACCCAAGTTGGAGCATGA,60.251,20,249,3774,4023,
CENHV05110,contig12012,di,(AG)11,AGAGAGAGAGAGAGAGAGAGAG,22,1379,1400,GGTAAGCCAGCGTTTTCACG,60.11,20,TGCTGCTGCCATCTATCTCG,59.967,20,375,1295,1669,GACCGGTAAATTGGGCGAGA,60.108,20,AACGTCCACCCTTGCTGAAA,60.107,20,169,1314,1483,GACCGGTAAATTGGGCGAGA,60.108,20,AAACGTCCACCCTTGCTGAA,60.107,20,170,1314,1484,
CENHV08137,contig20213,di,(TA)11,TATATATATATATATATATATA,22,14345,14366,GCTAGCTGAGGTGGAAAACCT,59.996,21,AGTACTCTGCACCCCTCGAT,60.033,20,340,14309,14648,AGCTAGCTGAGGTGGAAAACC,59.996,21,AGTACTCTGCACCCCTCGAT,60.033,20,340,14308,14648,GCTAGCTGAGGTGGAAAACCT,59.996,21,TACTCTGCACCCCTCGATCA,60.034,20,337,14309,14646,
CENHV09009,contig20179,di,(AT)11,ATATATATATATATATATATAT,22,7472,7493,GCGTTTGCTGGTGGTGAAAT,59.968,20,CTAGACGCTGCTTGAGCCTT,60.108,20,320,7238,7557,TATGCCGAAGAAACACCGCT,60.037,20,CTAGACGCTGCTTGAGCCTT,60.108,20,268,7289,7557,AGAAACACCGCTCGACGAAT,60.039,20,CTAGACGCTGCTTGAGCCTT,60.108,20,260,7297,7557,
CENHV11951,contig20293,di,(AT)11,ATATATATATATATATATATAT,22,6001,6022,CTTACCGAGGATTGGCCGTT,60.108,20,GCACGTTGGTGGTTGCATAG,60.11,20,308,5799,6106,CTTACCGAGGATTGGCCGTT,60.108,20,AATTGAGGCCATGCACGTTG,59.756,20,319,5799,6118,ACCGAGGATTGGCCGTTATT,59.455,20,GCACGTTGGTGGTTGCATAG,60.11,20,304,5802,6106,
CENHV13530,contig16150,di,(TA)11,TATATATATATATATATATATA,22,15460,15481,GCAGTTTGACCATGAGCTGC,60.109,20,TGCTGGCAAAGCATTTGGTG,60.25,20,314,15405,15718,AGTTTGACCATGAGCTGCCA,59.889,20,TGCTGGCAAAGCATTTGGTG,60.25,20,311,15407,15718,GCAGTTTGACCATGAGCTGC,60.109,20,TTGCTGGCAAAGCATTTGGT,59.531,20,314,15405,15719,
CENHV14504,contig17113,di,(AG)11,AGAGAGAGAGAGAGAGAGAGAG,22,3124,3145,AGCTTATACATCCCCAAGCGA,58.953,21,AACCAGCTGTGGCTCAAGTT,60.107,20,351,2945,3295,AGCTTATACATCCCCAAGCGA,58.953,21,TCGTCATGATTGGGCGCTTA,59.823,20,322,2945,3267,AGCTTATACATCCCCAAGCGA,58.953,21,TCTCGTGCACTTGCCTTTCA,60.179,20,378,2945,3323,
CENHV15634,contig14805,di,(AT)11,ATATATATATATATATATATAT,22,5366,5387,TCCTCTTCCTCCCTCTGTCTC,59.713,21,GCTATGAACCGGTTGGATTTGT,59.247,22,391,5163,5553,TCTCCTCTTCCTCCCTCTGTC,59.713,21,GCTATGAACCGGTTGGATTTGT,59.247,22,392,5161,5553,CCTCTTCCTCCCTCTGTCTCT,59.712,21,GCTATGAACCGGTTGGATTTGT,59.247,22,389,5164,5553,
CENHV18514,contig22699,di,(TG)11,TGTGTGTGTGTGTGTGTGTGTG,22,1137,1158,ATGGTCAGACATGGCGGATG,60.179,20,ACTCGAAGAAGAGCAGCCAG,59.754,20,246,1038,1283,AGGGTAGGAAGAACCTGGCA,60.179,20,GGTGGGGAGGAAATCGTTGA,59.673,20,319,1110,1429,ATGGTCAGACATGGCGGATG,60.179,20,GGTGGGGAGGAAATCGTTGA,59.673,20,391,1038,1429,
CENHV00459,contig94166,tetra,(AAAC)6,AAACAAACAAACAAACAAACAAAC,24,1698,1721,GCCAGCGTAGCATCTCTAGG,60.039,20,TGTCAAGGTTGGGTCTTGGA,58.782,20,231,1577,1807,CATGCCAGCGTAGCATCTCT,60.25,20,TGTCAAGGTTGGGTCTTGGA,58.782,20,233,1574,1807,GCCAGCGTAGCATCTCTAGG,60.039,20,TGTCAAGGTTGGGTCTTGGAA,59.433,21,230,1577,1807,
CENHV00672,contig544,tri,(TCA)8,TCATCATCATCATCATCATCATCA,24,8285,8308,TGCGTACACGTATCTGCGAG,60.248,20,ACCATCCTGACGGCTTCTTG,60.036,20,341,8033,8373,TGCGTACACGTATCTGCGAG,60.248,20,CTTGACCATCCTGACGGCTT,60.036,20,344,8033,8377,TGCGTACACGTATCTGCGAG,60.248,20,TTGACCATCCTGACGGCTTC,60.036,20,343,8033,8376,
CENHV00952,contig1420,di,(TC)12,TCTCTCTCTCTCTCTCTCTCTCTC,24,7228,7251,CCCACTCGGCCAAGTAAAGT,59.964,20,CTCCACTTCCACCATCCCAC,60.035,20,208,7084,7291,ACCCACTCGGCCAAGTAAAG,59.964,20,CTCCACTTCCACCATCCCAC,60.035,20,208,7083,7291,TGTCGATTAACCCACTCGGC,60.109,20,CTCCACTTCCACCATCCCAC,60.035,20,217,7074,7291,
CENHV01094,contig56433,di,(TA)12,TATATATATATATATATATATATA,24,13090,13113,CCTGGCGCATTTGAGTGATG,59.9,20,TTTTGCCACCGAAAAGTGCT,59.179,20,388,12956,13343,CCCACTCACCTGAGCTTGAC,60.321,20,TGCCACCGAAAAGTGCTAGG,60.605,20,338,13002,13340,CCACTCACCTGAGCTTGACA,59.606,20,TGCCACCGAAAAGTGCTAGG,60.605,20,337,13003,13340,
CENHV01778,contig89652,di,(TA)12,TATATATATATATATATATATATA,24,2325,2348,AATGCCTACAACCCCTCAGC,60.034,20,CCCCCTCATTCTCCCAATCT,58.473,20,210,2300,2509,AATGCCTACAACCCCTCAGC,60.034,20,CCCCCTCATTCTCCCAATCTT,59.144,21,209,2300,2509,AATGCCTACAACCCCTCAGC,60.034,20,CCCCCTCATTCTCCCAATCTTT,59.754,22,209,2300,2509,
CENHV02150,contig2343,di,(GA)12,GAGAGAGAGAGAGAGAGAGAGAGA,24,15383,15406,CAAGAGGCAGTAGCGAGGAG,59.898,20,TCCTTCACTCGACCAACAGC,59.966,20,397,15243,15639,GCCGACTTGAGAGCCAAGAT,60.108,20,TCCTTCACTCGACCAACAGC,59.966,20,331,15308,15639,GTCCAAGAGGCAGTAGCGAG,60.179,20,TCCTTCACTCGACCAACAGC,59.966,20,399,15240,15639,
CENHV02385,contig22011,tri,(TTA)8,TTATTATTATTATTATTATTATTA,24,3629,3652,AGGCCTTCTTGTGTGGTGAG,59.891,20,GCAATATCCTGCACCAGCCT,60.467,20,322,3565,3886,GGCCTTCTTGTGTGGTGAGT,60.179,20,GCAATATCCTGCACCAGCCT,60.467,20,320,3566,3886,GGCCTTCTTGTGTGGTGAGT,60.179,20,AGCAATATCCTGCACCAGCC,60.467,20,321,3566,3887,
CENHV02858,contig1286,tetra,(TATG)6,TATGTATGTATGTATGTATGTATG,24,9493,9516,AGCAACTGTGTAATCCGGGC,60.677,20,AGCAGACCTTTTATCCCCGT,58.714,20,341,9274,9614,CGGGCATTGAGGTTTTGGGA,60.898,20,AGCAGACCTTTTATCCCCGT,58.714,20,325,9289,9614,TCCGGGCATTGAGGTTTTGG,60.898,20,AGCAGACCTTTTATCCCCGT,58.714,20,327,9287,9614,
CENHV02925,contig2393,tetra,(CATC)6,CATCCATCCATCCATCCATCCATC,24,14530,14553,CCTTCGCTTCAGTCCATCGT,60.109,20,AGGTGCAAAAGAGGGGATGG,59.96,20,381,14431,14811,GATCACTTGGCACCCTCCAA,59.962,20,AAAGGACTTGCGGATGCAGT,60.251,20,369,14338,14707,CATCGATCACTTGGCACCCT,60.108,20,AAAGGACTTGCGGATGCAGT,60.251,20,373,14334,14707,
CENHV04738,contig7912,tri,(ATG)8,ATGATGATGATGATGATGATGATG,24,5300,5323,ACTCATTCTCCTTCTCGTCGT,58.562,21,TGCAACCCACTTTCATCTGTCT,60.159,22,397,5265,5661,ACTCATTCTCCTTCTCGTCGT,58.562,21,CTGCAACCCACTTTCATCTGTC,59.773,22,397,5265,5662,ACTCATTCTCCTTCTCGTCGT,58.562,21,TGCAACCCACTTTCATCTGTC,58.77,21,396,5265,5661,
CENHV06890,contig24130,di,(AG)12,AGAGAGAGAGAGAGAGAGAGAGAG,24,7120,7143,TGGGAGCGATAGAATATTGGGG,59.428,22,TTCGCATCCGTCCCATCAAA,60.036,20,362,7076,7437,GGGAGCGATAGAATATTGGGGT,59.428,22,TTCGCATCCGTCCCATCAAA,60.036,20,360,7077,7437,TGGGAGCGATAGAATATTGGGG,59.428,22,CTCACACTCTTCGCATCCGT,60.109,20,370,7076,7446,
CENHV07464,contig17194,tri,(TTC)8,TTCTTCTTCTTCTTCTTCTTCTTC,24,4830,4853,GCGCCTCTCCTTGTTTACCT,60.036,20,ATATGCAGACGCTGGACCTG,59.894,20,224,4801,5024,GCGCCTCTCCTTGTTTACCT,60.036,20,GGAAGTGATGGGAGTGACCG,60.108,20,175,4801,4976,GTCCCTCGCTCATTCCGATT,59.895,20,ATATGCAGACGCTGGACCTG,59.894,20,257,4767,5024,
CENHV08019,contig22467,tri,(GAA)8,GAAGAAGAAGAAGAAGAAGAAGAA,24,3334,3357,AGCCTCTTGAACTTACTTCCGA,59.102,22,ACCCTTCACACCCTCCTCTT,60.104,20,154,3233,3386,CAGCCTCTTGAACTTACTTCCG,59.003,22,ACCCTTCACACCCTCCTCTT,60.104,20,154,3232,3386,GCCTCTTGAACTTACTTCCGA,57.685,21,ACCCTTCACACCCTCCTCTT,60.104,20,152,3234,3386,
CENHV08356,contig2040,tetra,(AAAG)6,AAAGAAAGAAAGAAAGAAAGAAAG,24,2492,2515,CCCCAGCCTTCATTGAAATCC,59.241,21,ACCAGAGTAACCAACAACTCCA,59.225,22,398,2385,2782,CCCAGCCTTCATTGAAATCCA,58.54,21,ACCAGAGTAACCAACAACTCCA,59.225,22,396,2386,2782,CCCCAGCCTTCATTGAAATCC,59.241,21,CCAGAGTAACCAACAACTCCA,57.515,21,396,2385,2781,
CENHV10034,contig2284,di,(CA)12,CACACACACACACACACACACACA,24,27173,27196,CCAGCGAAAGCCTTGGACTA,60.036,20,AGCGTTGGCTGGAAATCGTA,60.037,20,191,27080,27270,CCAGCGAAAGCCTTGGACTA,60.036,20,AAAGCGTTGGCTGGAAATCG,59.759,20,192,27080,27272,TACCAGCGAAAGCCTTGGAC,60.321,20,AGCGTTGGCTGGAAATCGTA,60.037,20,192,27078,27270,
CENHV11947,contig21117,tetra,(AGAA)6,AGAAAGAAAGAAAGAAAGAAAGAA,24,13093,13116,TGAGGTGAGTAACCACTGCC,59.315,20,CCCCTCAACTTCACTCACCC,59.963,20,400,12900,13299,AGGTGAGTAACCACTGCCTG,59.313,20,CCCCTCAACTTCACTCACCC,59.963,20,397,12902,13299,TGAGTAACCACTGCCTGCAT,59.308,20,CCCCTCAACTTCACTCACCC,59.963,20,394,12905,13299,
CENHV13639,contig18689,di,(TC)12,TCTCTCTCTCTCTCTCTCTCTCTC,24,12199,12222,GGATCCAGGCCCAAGGATTT,59.737,20,TTCACCACGACTTCACACCC,60.179,20,399,11966,12364,TGGTGGCGTGATGTTCGATT,60.321,20,TTCACCACGACTTCACACCC,60.179,20,315,12049,12364,GGATCCAGGCCCAAGGATTT,59.737,20,ACCACGACTTCACACCCAAA,59.746,20,395,11966,12361,
CENHV18025,contig108809,complex,(T)12(GT)6,TTTTTTTTTTTTGTGTGTGTGTGT,24,9614,9637,TGTTAGCACTGGTGGTGGTG,60.179,20,CACATGGGCCCGAGAGAAAT,60.107,20,366,9330,9695,GCTTGGAACTGCTCGAAGGA,60.321,20,AGATCACTTCCCCTCCCTCC,60.031,20,380,9353,9733,GCTTGGAACTGCTCGAAGGA,60.321,20,CACATGGGCCCGAGAGAAAT,60.107,20,342,9353,9695,
CENHV18284,contig589,tri,(ATA)8,ATAATAATAATAATAATAATAATA,24,27532,27555,ACGAAGGAGGGACATCTGGA,59.959,20,TTGGTGTGCTGTGAGACCAG,60.179,20,394,27224,27617,GAGGGACATCTGGAAGCACC,60.107,20,TTGGTGTGCTGTGAGACCAG,60.179,20,387,27230,27617,AGAGGGTACGAAGGAGGGAC,60.033,20,GTGCAACGCACCAACATACA,59.691,20,376,27217,27593,
CENHV18516,contig22699,tri,(GAT)8,GATGATGATGATGATGATGATGAT,24,3716,3739,GGCCTTGGATGAGTTCCACA,59.962,20,TATCACCAACTTGCCCACGG,60.322,20,317,3567,3883,CTTGATCTGTGATGCGGGGT,60.108,20,TATCACCAACTTGCCCACGG,60.322,20,284,3599,3883,TGTGATGCGGGGTAAAGAGG,59.748,20,TATCACCAACTTGCCCACGG,60.322,20,277,3606,3883,
CENHV13706,contig12848,penta,(TTTTA)5,TTTTATTTTATTTTATTTTATTTTA,25,8142,8166,TCTTGGTAGAGGCGTTGCTG,60.037,20,TGATTGTCGTCTCCGAAGCA,59.399,20,388,7892,8279,TGGGAGCTCGAAAAGCGTTA,59.681,20,TGATTGTCGTCTCCGAAGCA,59.399,20,333,7946,8279,TGGTCTTGGTAGAGGCGTTG,59.68,20,TGATTGTCGTCTCCGAAGCA,59.399,20,390,7889,8279,
CENHV14771,contig11412,penta,(AAATA)5,AAATAAAATAAAATAAAATAAAATA,25,5777,5801,AGTCAAAGTGAATGGCACCTCA,60.159,22,CGGTAAGCCTCATACACGCA,60.179,20,378,5557,5934,GTCAAAGTGAATGGCACCTCA,58.77,21,CGGTAAGCCTCATACACGCA,60.179,20,376,5558,5934,AGAGCATATCCTTCCGGCAT,58.644,20,CTGATGGCAAAAAGAAGGCGT,59.729,21,306,5520,5826,
CENHV18156,contig25912,penta,(ATAAT)5,ATAATATAATATAATATAATATAAT,25,4869,4893,TCCACCACTCCTGACTTGGA,60.105,20,TGAGCAAGCTCAAGGGAACA,59.526,20,312,4754,5065,TCCATCCACCACTCCTGACT,59.883,20,TGAGCAAGCTCAAGGGAACA,59.526,20,315,4750,5065,CGTGGGTTGGATGGATTCCT,59.744,20,TGAGCAAGCTCAAGGGAACA,59.526,20,385,4680,5065,
CENHV03811,contig8100,complex,(T)10nn(TG)7,TTTTTTTTTTnnTGTGTGTGTGTGTG,26,10765,10790,ATCGAACGGAGTTCCGGATT,59.178,20,TCAAAACCGTCGCCCAATCT,60.251,20,358,10591,10948,ATCGAACGGAGTTCCGGATT,59.178,20,CTTTCAAAACCGTCGCCCAA,59.617,20,360,10591,10951,ATCGAACGGAGTTCCGGATT,59.178,20,AACTTTCAAAACCGTCGCCC,59.617,20,362,10591,10953,
CENHV08502,contig2322,di,(AT)13,ATATATATATATATATATATATATAT,26,9904,9929,GGTCTGGTTGGGTTTGATAGGT,59.959,22,CCCCTATGAACTGGTGCTCA,59.088,20,243,9720,9962,GGTCTGGTTGGGTTTGATAGGT,59.959,22,ACCCCTATGAACTGGTGCTC,59.088,20,243,9720,9963,AGGTCTGGTTGGGTTTGATAGG,59.691,22,CCCCTATGAACTGGTGCTCA,59.088,20,243,9719,9962,
CENHV15415,contig22426,complex,(TA)8(T)10,TATATATATATATATATTTTTTTTTT,26,14219,14244,AGCCGATTAGTTGGGATCTGT,58.881,21,GCCATCCTACATCGCGTCAT,60.32,20,339,14183,14521,AGCCGATTAGTTGGGATCTGT,58.881,21,TATCGGCCATCCTACATCGC,59.469,20,343,14183,14526,AAGCCGATTAGTTGGGATCTGT,59.494,22,GCCATCCTACATCGCGTCAT,60.32,20,339,14182,14521,
CENHV07207,contig3170,tri,(GAA)9,GAAGAAGAAGAAGAAGAAGAAGAAGAA,27,7683,7709,GACAGCAACAGCAACAGCAA,59.899,20,GCTGCTCTGATTGGGAAGGT,60.035,20,204,7584,7787,GACAGCAACAGCAACAGCAA,59.899,20,TGCTGCTCTGATTGGGAAGG,60.035,20,204,7584,7788,AGCAACAGCAACAGCAACAG,59.898,20,GCTGCTCTGATTGGGAAGGT,60.035,20,200,7587,7787,
CENHV11771,contig27219,complex,(T)10ctc(TG)7,TTTTTTTTTTctcTGTGTGTGTGTGTG,27,7591,7617,CTCGGACGACTCTTCGGAAC,60.179,20,AAGGAAGCCAGGATCCCAGT,60.551,20,336,7366,7701,ACATCATCAGCAGCATCGGT,59.82,20,AAGGAAGCCAGGATCCCAGT,60.551,20,390,7311,7701,TCATCAGCAGCATCGGTTCA,59.75,20,AAGGAAGCCAGGATCCCAGT,60.551,20,387,7314,7701,
CENHV11988,contig2544,tri,(GAA)9,GAAGAAGAAGAAGAAGAAGAAGAAGAA,27,5410,5436,CAAGCAGCTAGCAAAGCACC,60.109,20,TCGGTAAGGGAAAGTGGCAG,59.676,20,194,5289,5482,CAAGCAGCTAGCAAAGCACC,60.109,20,GGTAAGGGAAAGTGGCAGGT,59.596,20,191,5289,5480,CCTTCTCTCTGCCAAGGGAC,59.748,20,TCGGTAAGGGAAAGTGGCAG,59.676,20,343,5139,5482,
CENHV14532,contig82911,tri,(TTA)9,TTATTATTATTATTATTATTATTATTA,27,3779,3805,CTCGAGCAGTTCACCGAAGT,60.039,20,CTTTGAGGCCACGCAAAGTC,60.04,20,316,3653,3968,CTCCTTCCCTCGAGCAGTTC,59.825,20,CTTTGAGGCCACGCAAAGTC,60.04,20,323,3645,3968,TCGAGCAGTTCACCGAAGTT,59.612,20,CTTTGAGGCCACGCAAAGTC,60.04,20,314,3654,3968,
CENHV14853,contig17662,tri,(ATT)9,ATTATTATTATTATTATTATTATTATT,27,4530,4556,TGGGACATCACTGTTCTCAGC,59.998,21,CATCCACCACCGTCTTCACA,59.965,20,366,4393,4758,TGGGACATCACTGTTCTCAGC,59.998,21,TTGATGACCATCCACCACCG,60.036,20,373,4393,4766,TGGGACATCACTGTTCTCAGC,59.998,21,TCCACCACCGTCTTCACATC,59.68,20,363,4393,4756,
CENHV17226,contig19505,tri,(ATC)9,ATCATCATCATCATCATCATCATCATC,27,4309,4335,TCCGTCGCTTTACATCGTCA,59.477,20,CCGGTACCAGGAGGACCATA,60.106,20,324,4208,4531,TCCGTCGCTTTACATCGTCA,59.477,20,ATGATGAGCGACGGCTTTGA,60.108,20,357,4208,4565,AACATACCGCTATCGTCGGC,60.318,20,ATAGGAGAACGCCACGAGGA,60.395,20,396,4116,4512,
CENHV01729,contig2540,di,(AG)14,AGAGAGAGAGAGAGAGAGAGAGAGAGAG,28,2401,2428,GGCCTCAAGGGTATCCAGTG,59.819,20,AGCTCCAATTCCATCTGCCT,59.075,20,337,2285,2621,TGGCCTCAAGGGTATCCAGT,60.253,20,AGCTCCAATTCCATCTGCCT,59.075,20,337,2284,2621,GGCCTCAAGGGTATCCAGTG,59.819,20,CCGATCATCCCAGTCCTTCA,58.877,20,386,2285,2671,
CENHV07961,contig42857,tetra,(TACA)7,TACATACATACATACATACATACATACA,28,19386,19413,CCTATGCTTTTGGCTGGGGA,60.033,20,TCCTTCCACTTTTGTGCCCC,60.469,20,224,19248,19471,ATGCTTTTGGCTGGGGATGA,59.958,20,TCCTTCCACTTTTGTGCCCC,60.469,20,220,19251,19471,GCTTTTGGCTGGGGATGAGA,60.324,20,TCCTTCCACTTTTGTGCCCC,60.469,20,218,19253,19471,
CENHV12846,contig42361,di,(AG)14,AGAGAGAGAGAGAGAGAGAGAGAGAGAG,28,1987,2014,TGGTTCGGTGGAATGGATGG,60.035,20,CCAGCCCCACTGTAAACCTT,59.888,20,248,1843,2090,AGGGTGGGGATTGTTGGTTC,59.886,20,CCAGCCCCACTGTAAACCTT,59.888,20,261,1829,2090,GAGGGTGGGGATTGTTGGTT,59.886,20,CCAGCCCCACTGTAAACCTT,59.888,20,262,1828,2090,
CENHV11889,contig3903,complex,(CA)6cnn(TA)7,CACACACACACAcnnTATATATATATATA,29,14844,14872,CCTTATGATCGGCTAGAGACGG,59.837,22,AGCGTAAGACGTAGCTGACC,59.549,20,312,14655,14966,CCTTATGATCGGCTAGAGACGG,59.837,22,GCGTAAGACGTAGCTGACCC,60.525,20,310,14655,14965,TGACTGCTATGTCTCGTCTGT,58.563,21,GCGTAAGACGTAGCTGACCC,60.525,20,387,14578,14965,
CENHV00321,contig2161,hexa,(GAGGGA)5,GAGGGAGAGGGAGAGGGAGAGGGAGAGGGA,30,1610,1639,GACAAGATTCCTGAAGGAGACA,57.456,22,GCGATGACCAGACTAAGGCA,59.824,20,355,1555,1909,GACAAGATTCCTGAAGGAGACA,57.456,22,TGCGATGACCAGACTAAGGC,59.824,20,355,1555,1910,GACAAGATTCCTGAAGGAGACA,57.456,22,TGTGTCAAACTGTCCTGCGA,59.823,20,370,1555,1925,
CENHV00831,contig3531,di,(CT)15,CTCTCTCTCTCTCTCTCTCTCTCTCTCTCT,30,4701,4730,CCGTTGTTATTCCCCCTGCT,60.034,20,GGGGACGGGTTGTGATTCTT,59.962,20,276,4550,4825,TCCGTTGTTATTCCCCCTGC,60.035,20,GGGGACGGGTTGTGATTCTT,59.962,20,276,4549,4825,TCCGTTGTTATTCCCCCTGC,60.035,20,TTTGCGATAGATGGGGGACG,59.894,20,289,4549,4838,
CENHV04071,contig31009,penta,(AAAGA)6,AAAGAAAAGAAAAGAAAAGAAAAGAAAAGA,30,2176,2205,TCCTTGAGTCAACTACACAACA,57.253,22,GGAGGAGGCCCGTATCATTG,59.965,20,185,2071,2255,TCCTTGAGTCAACTACACAACA,57.253,22,ATCGTCCGCCGATCATTACC,60.039,20,381,2071,2452,TCCTTGAGTCAACTACACAACA,57.253,22,ATGCCAAACTTGCAACCACC,59.893,20,337,2071,2408,
CENHV04978,contig494,hexa,(TTCTTA)5,TTCTTATTCTTATTCTTATTCTTATTCTTA,30,22164,22193,CGTGTGGTCGACCTTGTGTA,59.969,20,TTGAATTGGCTTGGCTTGGC,59.965,20,282,22076,22357,CTTTGTGTCTTTGGCTGCCC,59.967,20,TTGAATTGGCTTGGCTTGGC,59.965,20,233,22124,22357,CACCCATCAACAGACGTCCA,59.965,20,TTGAATTGGCTTGGCTTGGC,59.965,20,326,22031,22357,
CENHV06197,contig2703,complex,(AT)6ac(AT)8,ATATATATATATacATATATATATATATAT,30,1041,1070,TGGTTTCCTCTGCTTCACTTGT,60.092,22,ACTCAACTCCTACGCAGCTC,59.472,20,380,1006,1385,TGGTTTCCTCTGCTTCACTTGT,60.092,22,CCTACGCAGCTCCCCTTTTA,59.46,20,371,1006,1377,TGGTTTCCTCTGCTTCACTTGT,60.092,22,TCAGTCTGAACACCTTGGCA,59.163,20,324,1006,1330,
CENHV06478,contig5392,complex,(CA)7tatg(TA)6,CACACACACACACAtatgTATATATATATA,30,7464,7493,AGGGTGCTCTTTGATGAACCT,59.293,21,AGCGGAAATGGAAGCGGTAA,60.036,20,385,7284,7668,AGGGTGCTCTTTGATGAACCT,59.293,21,CCTCATCGAGCGGAAATGGA,59.895,20,392,7284,7676,AGGGTGCTCTTTGATGAACCT,59.293,21,GTGGCTTAGCGGTGAAGGAT,60.108,20,340,7284,7624,
CENHV07739,contig13824,hexa,(GAGGAT)5,GAGGATGAGGATGAGGATGAGGATGAGGAT,30,8293,8322,GCCATAGCCGATGGTGACAT,60.25,20,CGCGTTCAGCTTTTTCGCTA,59.837,20,350,8232,8581,GCCATAGCCGATGGTGACAT,60.25,20,GGAAGCGCGTTCAGCTTTTT,60.318,20,354,8232,8586,GCCATAGCCGATGGTGACAT,60.25,20,ACCCACTTTTCGAGCGGAAG,60.603,20,369,8232,8601,
CENHV12062,contig21402,hexa,(CAGTCT)5,CAGTCTCAGTCTCAGTCTCAGTCTCAGTCT,30,25624,25653,GTCTTGAGGGTGTCGAGTGG,60.038,20,TGGAGGACTTGTGGAGGTGA,60.105,20,331,25492,25822,TCTTGAGGGTGTCGAGTGGA,60.179,20,TGGAGGACTTGTGGAGGTGA,60.105,20,329,25493,25822,TGGCACTCATCACTCACTCG,59.755,20,TGGAGGACTTGTGGAGGTGA,60.105,20,239,25583,25822,
CENHV18061,contig20485,tri,(AGA)10,AGAAGAAGAAGAAGAAGAAGAAGAAGAAGA,30,4121,4150,GGAGGAGGAAGGGAGAGGTT,59.957,20,CAAGGCTGAACGGAAACAGC,60.04,20,391,3931,4321,GGAGGAGGAAGGGAGAGGTT,59.957,20,CAGCGAATCAAGGCTGAACG,59.904,20,398,3931,4329,GGTTGAGGGGGAATGGATGG,60.106,20,CTAATCGTATGGTCGCCGCT,60.039,20,303,4055,4358,
CENHV18086,contig26488,tri,(TTC)10,TTCTTCTTCTTCTTCTTCTTCTTCTTCTTC,30,8587,8616,AGTCGAAAGCTGGTCTGCTC,60.038,20,AGAGATGAGCGCATGCTGAA,59.823,20,280,8412,8691,AGTCGAAAGCTGGTCTGCTC,60.038,20,AAGAGATGAGCGCATGCTGA,59.823,20,280,8412,8692,AGTCGAAAGCTGGTCTGCTC,60.038,20,GCCACCGTAGGTGCCTAAAA,60.322,20,248,8412,8660,
CENHV01003,contig20595,complex,(A)10ttagat(CTC)5,AAAAAAAAAAttagatCTCCTCCTCCTCCTC,31,1306,1336,TTTGGGTGTTGGCCATGTCT,60.106,20,GCAGGCAACACTTTCCCTTG,59.967,20,364,1126,1489,TTTGGGTGTTGGCCATGTCT,60.106,20,CTAGGTCCCAAAGCAGGCAA,59.962,20,375,1126,1501,CGCCTCCTCCTTCTTCTGTC,59.825,20,GCAGGCAACACTTTCCCTTG,59.967,20,210,1279,1489,
CENHV06924,contig15551,complex,(AC)8atg(TA)6,ACACACACACACACACatgTATATATATATA,31,10522,10552,AGCGAAGCCTCATACCAACC,60.108,20,AAAATTAGCTCCTCCCGCCC,60.107,20,343,10429,10771,CCAGCGAAGCCTCATACCAA,60.108,20,AAAATTAGCTCCTCCCGCCC,60.107,20,344,10427,10771,ACCCACGGTGATTCCCATTC,60.034,20,CTCGTTCATGGCGTTGATGC,60.248,20,330,10296,10626,
CENHV02769,contig51508,di,(TC)16,TCTCTCTCTCTCTCTCTCTCTCTCTCTCTCTC,32,5938,5969,GAGCAAACGTTGGGTGCATT,59.968,20,CCGTTGAGGCCTCCAGATTT,60.035,20,269,5843,6111,GCCTTGGAAACTGCTCCCTA,59.672,20,CCGTTGAGGCCTCCAGATTT,60.035,20,367,5744,6111,TAGCCTTGGAAACTGCTCCC,59.672,20,CCGTTGAGGCCTCCAGATTT,60.035,20,369,5742,6111,
CENHV07369,contig1820,complex,(AC)6(AT)10,ACACACACACACATATATATATATATATATAT,32,11235,11266,AGGAAGAGCTAGGAACACGC,59.467,20,GCGCGATGCTCATGACAAAT,59.971,20,170,11212,11381,AGGAAGAGCTAGGAACACGC,59.467,20,GTAGCGAACAAGCAGGCAAG,59.833,20,131,11212,11343,AGGAAGAGCTAGGAACACGC,59.467,20,CTGGGCGCTCGTTGGTAATA,60.179,20,386,11212,11598,
CENHV05258,contig23968,tri,(ATT)11,ATTATTATTATTATTATTATTATTATTATTATT,33,5845,5877,AGGTGAACGGGTTTAGCTCG,60.038,20,GTCAAAATTTCCGCAGGCGT,60.04,20,162,5768,5929,TGGCAAGAAACGAGGCTGAA,60.179,20,GTCAAAATTTCCGCAGGCGT,60.04,20,198,5731,5929,TTGGCAAGAAACGAGGCTGA,60.179,20,GTCAAAATTTCCGCAGGCGT,60.04,20,199,5730,5929,
CENHV06557,contig14534,tri,(CTA)11,CTACTACTACTACTACTACTACTACTACTACTA,33,5347,5379,TTCCACCATGATCACTGCCC,60.034,20,CACCACATCAACCCAATCGC,59.829,20,250,5278,5527,TCAAGCTGCTGTGGTAGCAA,59.892,20,CACCACATCAACCCAATCGC,59.829,20,378,5149,5527,AAGCTGCTGTGGTAGCAAGT,59.891,20,CACCACATCAACCCAATCGC,59.829,20,376,5151,5527,
CENHV18060,contig20485,tri,(AAG)11,AAGAAGAAGAAGAAGAAGAAGAAGAAGAAGAAG,33,2680,2712,CGGAAATCGGAGAGAGCTGG,60.249,20,TCCATCTCCATCATCCCCCA,59.728,20,197,2586,2782,CGGAAATCGGAGAGAGCTGG,60.249,20,CCATCTCCATCATCCCCCAC,59.597,20,195,2586,2781,TGACGGAAATCGGAGAGAGC,59.544,20,TCCATCTCCATCATCCCCCA,59.728,20,199,2583,2782,
CENHV00388,contig24034,complex,(TA)10(TG)7,TATATATATATATATATATATGTGTGTGTGTGTG,34,9115,9148,GCCGTTAAAATCAGGCACCA,59.115,20,CGCTCCTTGGATTCTTGCAC,59.551,20,283,8971,9253,AGCCGTTAAAATCAGGCACC,58.826,20,CGCTCCTTGGATTCTTGCAC,59.551,20,283,8970,9253,GCCGTTAAAATCAGGCACCAT,59.524,21,CGCTCCTTGGATTCTTGCAC,59.551,20,282,8971,9253,
CENHV01249,contig9075,di,(CA)17,CACACACACACACACACACACACACACACACACA,34,3235,3268,CGGGGTCGGAGTTGGATTTA,59.462,20,TGGAACAATTGGGTCACCAGA,59.503,21,395,2992,3386,ACCTCCATGGTTCTCCTGAA,57.955,20,CCGAATCGATCACGAGGCAT,60.319,20,369,3061,3430,ATTCGGGGTCGGAGTTGGAT,60.981,20,TGGAACAATTGGGTCACCAGA,59.503,21,397,2989,3386,
CENHV06094,contig13116,di,(AG)17,AGAGAGAGAGAGAGAGAGAGAGAGAGAGAGAGAG,34,1203,1236,GCAAAACACACCCACACGTT,60.109,20,TATTCCCTCCTCCATCGGCT,59.809,20,387,1145,1531,AAGCAAAACACACCCACACG,59.828,20,TATTCCCTCCTCCATCGGCT,59.809,20,388,1143,1531,GCAAAACACACCCACACGTT,60.109,20,CCATCGGCTGTTGGTGAAGA,60.322,20,375,1145,1520,
CENHV11647,contig14620,di,(GA)17,GAGAGAGAGAGAGAGAGAGAGAGAGAGAGAGAGA,34,6148,6181,TCAACGAGGTGTAAGTCGGG,59.4,20,GCAAGCTGGCTATCATGTGC,59.97,20,390,6035,6424,GAGGTGTAAGTCGGGCAAGA,59.393,20,GCAAGCTGGCTATCATGTGC,59.97,20,384,6040,6424,TCAACGAGGTGTAAGTCGGG,59.4,20,GTGCTCGACATCGAACCTGA,60.109,20,373,6035,6408,
CENHV11674,contig19466,complex,(AC)8(AT)9,ACACACACACACACACATATATATATATATATAT,34,8340,8373,GCAACTGGAGAATGATCTGTCA,58.396,22,GTGCCAAGACAATGGTTGGTC,60,21,400,8126,8525,GCAACTGGAGAATGATCTGTCA,58.396,22,GTGCCAAGACAATGGTTGGT,58.96,20,399,8126,8525,GCAACTGGAGAATGATCTGTCA,58.396,22,TGCCAAGACAATGGTTGGTC,58.673,20,398,8126,8524,
CENHV14172,contig19832,complex,(TA)9(TG)8,TATATATATATATATATATGTGTGTGTGTGTGTG,34,6092,6125,ACGATCGACAACGCTCAAGT,60.039,20,ATTGGGTCATCCCATACCGC,59.89,20,367,5875,6241,CCAGCCATTTCACCGAAACC,59.756,20,AGCGATTGGAGAGCCAGTTC,60.108,20,386,5919,6305,CCAGCCATTTCACCGAAACC,59.756,20,ATTGGGTCATCCCATACCGC,59.89,20,322,5919,6241,
CENHV02291,contig7228,penta,(TTTTC)7,TTTTCTTTTCTTTTCTTTTCTTTTCTTTTCTTTTC,35,923,957,TGTGTCCTTACTGCTCACCC,59.315,20,ATCTGCTGAACTGCACCCTC,60.036,20,354,753,1106,CCAAGTCTGTGCCCAAACCA,60.755,20,ATCTGCTGAACTGCACCCTC,60.036,20,394,712,1106,TGTGTCCTTACTGCTCACCC,59.315,20,CTGCTGAACTGCACCCTCAT,60.322,20,351,753,1104,
CENHV11704,contig11967,penta,(TTTTA)7,TTTTATTTTATTTTATTTTATTTTATTTTATTTTA,35,2317,2351,AGCGAGATGCATGTGGTGAT,59.82,20,CCATGTGTGCCTTTCAACCA,58.961,20,379,2186,2564,GCGAGATGCATGTGGTGATG,59.693,20,CCATGTGTGCCTTTCAACCA,58.961,20,377,2187,2564,GCGAGATGCATGTGGTGATG,59.693,20,TGTGTGCCTTTCAACCACTG,58.898,20,374,2187,2561,
CENHV11858,contig5552,penta,(GAAGG)7,GAAGGGAAGGGAAGGGAAGGGAAGGGAAGGGAAGG,35,13185,13219,TCCAACTGCGGAAGAGGAAC,59.965,20,GCTGCGTTCTGTCCTCGATA,59.899,20,339,12954,13292,CCAACTGCGGAAGAGGAACA,60.25,20,GCTGCGTTCTGTCCTCGATA,59.899,20,337,12955,13292,AACTGCGGAAGAGGAACACA,59.532,20,GCTGCGTTCTGTCCTCGATA,59.899,20,335,12957,13292,
CENHV02720,contig463,hexa,(TCAACT)6,TCAACTTCAACTTCAACTTCAACTTCAACTTCAACT,36,27806,27841,TCAGCATCACAGTTGACAGCA,60.203,21,ATGTTGGTGAGCTGGAGAGC,60.036,20,330,27636,27965,CAGCATCACAGTTGACAGCA,58.768,20,ATGTTGGTGAGCTGGAGAGC,60.036,20,328,27637,27965,TCAGCATCACAGTTGACAGCA,60.203,21,GAGGTCTCTGAGGGGAGGAG,60.106,20,351,27636,27987,
CENHV02816,contig59556,tri,(GAT)12,GATGATGATGATGATGATGATGATGATGATGATGAT,36,4749,4784,CATGTGCCAGAGACCCCAAT,60.034,20,CTGGGTCCAGCAGTGTCATT,59.963,20,392,4478,4869,TGTGTCATGTGCCAGAGACC,59.965,20,CTGGGTCCAGCAGTGTCATT,59.963,20,396,4473,4869,TGACTCATCACTCGATGCCG,59.899,20,TCAAGCCGTAAAGCTGAGCA,59.965,20,232,4684,4916,
CENHV07478,contig13675,tetra,(ATTA)9,ATTAATTAATTAATTAATTAATTAATTAATTAATTA,36,10032,10067,CAGGTAAGGAAGCCAAGGCA,59.962,20,AAAAGAAGAGCCCCACACCC,60.179,20,286,9838,10123,AATCTCATCCAGCATGGGGC,60.179,20,AAAAGAAGAGCCCCACACCC,60.179,20,360,9763,10123,CAGGTAAGGAAGCCAAGGCA,59.962,20,AGTCGGAGAAGAAGAGCCGA,60.323,20,372,9838,10210,
CENHV12297,contig17080,tri,(TTC)12,TTCTTCTTCTTCTTCTTCTTCTTCTTCTTCTTCTTC,36,20140,20175,TAGGTTGTCAATCCGGTGCC,60.036,20,GTGTCGACAGGTGAGGAAGG,60.038,20,178,20072,20249,TAGGTTGTCAATCCGGTGCC,60.036,20,AGAGTGTCGACAGGTGAGGA,59.889,20,180,20072,20252,TAGGTTGTCAATCCGGTGCC,60.036,20,TGTCGACAGGTGAGGAAGGA,60.179,20,176,20072,20248,
CENHV13015,contig23404,tri,(GAA)12,GAAGAAGAAGAAGAAGAAGAAGAAGAAGAAGAAGAA,36,1842,1877,TGAGCGAGGAGAGGGATTGA,60.033,20,TCCGGCCGATCATCATGTTT,59.82,20,376,1627,2002,TTGATGAGCGAGGAGAGGGA,60.033,20,TCCGGCCGATCATCATGTTT,59.82,20,379,1623,2002,TGAGCGAGGAGAGGGATTGA,60.033,20,CCTCCCAAGGCCAGATCTTC,59.818,20,308,1627,1935,
CENHV14089,contig29187,tri,(AAC)12,AACAACAACAACAACAACAACAACAACAACAACAAC,36,19155,19190,ATCTTGCTGCTTCTGCCCTT,59.961,20,CCAGCAGCGGTCTTTTTGAC,60.04,20,355,18927,19281,ATCTTGCTGCTTCTGCCCTT,59.961,20,GACCAGCAGCGGTCTTTTTG,60.04,20,356,18927,19283,GCTCATCTTGCTGCTTCTGC,59.901,20,CCAGCAGCGGTCTTTTTGAC,60.04,20,358,18923,19281,
CENHV05865,contig13896,di,(AG)19,AGAGAGAGAGAGAGAGAGAGAGAGAGAGAGAGAGAGAG,38,10850,10887,CTTTGCAACGCCACACACTT,60.179,20,TCCCACCCACCTTACCGTAT,59.957,20,364,10702,11065,TTTGCAACGCCACACACTTC,60.179,20,TCCCACCCACCTTACCGTAT,59.957,20,362,10703,11065,GAGACTTTGCAACGCCACAC,60.317,20,TCCCACCCACCTTACCGTAT,59.957,20,367,10698,11065,
CENHV01519,contig555,tri,(AGT)13,AGTAGTAGTAGTAGTAGTAGTAGTAGTAGTAGTAGTAGT,39,2767,2805,ATCGGTCGTAGCAGTAGCAG,59.336,20,TGCCAAGTGATGTGTCGTCT,59.607,20,179,2736,2914,TCGGTCGTAGCAGTAGCAGT,60.676,20,TGCCAAGTGATGTGTCGTCT,59.607,20,177,2737,2914,ATCGGTCGTAGCAGTAGCAG,59.336,20,TCCCTCTCAGGCTCAACCTA,59.289,20,126,2736,2862,
CENHV02807,contig567,tri,(GAA)13,GAAGAAGAAGAAGAAGAAGAAGAAGAAGAAGAAGAAGAA,39,16800,16838,TTAACGGCCAACAAATCGGC,59.759,20,CCGACAACAACCTCTTGGCT,60.535,20,366,16739,17104,TTAACGGCCAACAAATCGGC,59.759,20,ACCGACAACAACCTCTTGGC,60.818,20,366,16739,17105,TTAACGGCCAACAAATCGGC,59.759,20,CCCTCCCCTATCCTTTAGCCT,60.132,21,326,16739,17065,
CENHV01722,contig1544,penta,(TAAAA)8,TAAAATAAAATAAAATAAAATAAAATAAAATAAAATAAAA,40,20775,20814,GTAGCAGTGGATGGTGGCAA,60.322,20,ACTTCCCTCTGACCAAACATGA,59.289,22,279,20643,20921,TGGGTTGAAGCAGCACCTTT,60.397,20,ACTTCCCTCTGACCAAACATGA,59.289,22,374,20547,20921,ATGGTAGCAGTGGATGGTGG,59.452,20,ACTTCCCTCTGACCAAACATGA,59.289,22,281,20640,20921,
CENHV05864,contig13896,hexa,(TATATC)7,TATATCTATATCTATATCTATATCTATATCTATATCTATATC,42,9326,9367,CCATTCAACCCTCCACCCTC,60.034,20,TGATCAAGTCACAACACGTCG,58.876,21,310,9141,9450,ATGGCTTGGACACTCTCTGC,60.036,20,TGATCAAGTCACAACACGTCG,58.876,21,283,9167,9450,GGGCGGAAGGTGAGTGTAAA,59.964,20,TGATCAAGTCACAACACGTCG,58.876,21,173,9277,9450,
CENHV05570,contig12767,complex,(ACT)6agtactaccaa(CAC)5,ACTACTACTACTACTACTagtactaccaaCACCACCACCACCAC,44,4938,4981,CGATTCCCACTTCAGTAGCCA,59.793,21,CGTCCCCAACCTTCTGATCC,60.108,20,292,4819,5110,CGATTCCCACTTCAGTAGCCA,59.793,21,CTTTGACACGTCCCCAACCT,60.179,20,299,4819,5118,CGATTCCCACTTCAGTAGCCA,59.793,21,TTGACACGTCCCCAACCTTC,60.179,20,297,4819,5116,
CENHV08223,contig994,complex,(ATG)5attctcactann(T)18,ATGATGATGATGATGattctcactannTTTTTTTTTTTTTTTTTT,45,11827,11871,AAAAAGGTCTCGCTGCCTGA,59.891,20,TGTGCTTGCCAAATGCAGTC,59.968,20,377,11770,12146,AAAAAGGTCTCGCTGCCTGA,59.891,20,AGTGTGCTTGCCAAATGCAG,59.967,20,378,11770,12148,GTGGAAAAAGGTCTCGCTGC,59.761,20,TGTGCTTGCCAAATGCAGTC,59.968,20,380,11766,12146,
CENHV13963,contig12902,complex,(TGT)9(TGG)6,TGTTGTTGTTGTTGTTGTTGTTGTTGTTGGTGGTGGTGGTGGTGG,45,11290,11334,AGAGGTGGAAGAAAGTTGGGA,58.581,21,GCCAAGAGACGATAAAGATGCT,58.538,22,396,11198,11593,AGAGGTGGAAGAAAGTTGGGA,58.581,21,AGCCAAGAGACGATAAAGATGC,58.538,22,396,11198,11594,AGAGGTGGAAGAAAGTTGGGAA,59.216,22,GCCAAGAGACGATAAAGATGCT,58.538,22,395,11198,11593,
CENHV13047,contig19664,di,(AG)23,AGAGAGAGAGAGAGAGAGAGAGAGAGAGAGAGAGAGAGAGAGAGAG,46,9893,9938,AGGGAGGGTAGGTAAAGCGT,59.958,20,CCCCACCCAATCCCACATAC,60.106,20,311,9795,10105,AGGGAGGGTAGGTAAAGCGT,59.958,20,CACCCGCACTCACACATCTA,59.754,20,280,9795,10075,AGGGAGGGTAGGTAAAGCGT,59.958,20,TATACCCCCACCCAATCCCA,59.649,20,315,9795,10110,
CENHV13290,contig78880,complex,(AT)9gtatatatgtatgtc(TG)7,ATATATATATATATATATgtatatatgtatgtcTGTGTGTGTGTGTG,47,16267,16313,TACCTGATGGGAGGGTTCGT,59.958,20,ACCGACATGATGATGGTGATGA,59.565,22,346,16145,16490,GGGAGGGTTCGTCGTAATGG,60.179,20,ACCGACATGATGATGGTGATGA,59.565,22,337,16153,16490,TGATGGGAGGGTTCGTCGTA,60.324,20,ACCGACATGATGATGGTGATGA,59.565,22,341,16149,16490,
CENHV02230,contig2698,tri,(ATG)17,ATGATGATGATGATGATGATGATGATGATGATGATGATGATGATGATGATG,51,16273,16323,TAGCGCAGTTTGAGCAAGGA,59.965,20,GCCACGCCAAAGTGTTTGAA,60.179,20,356,16112,16467,GACCCTTCCAACCGTCGTAG,60.109,20,GCCACGCCAAAGTGTTTGAA,60.179,20,262,16205,16467,GTAGCGCAGTTTGAGCAAGG,59.833,20,GCCACGCCAAAGTGTTTGAA,60.179,20,356,16111,16467,
CENHV03465,contig491,complex,(TA)9ttcgtgatcaagatattttttgcta(T)13,TATATATATATATATATAttcgtgatcaagatattttttgctaTTTTTTTTTTTTT,56,19101,19156,ACTCCAACACCCACACAACTT,59.995,21,TGCCCTTTGTTGGGTGAGAT,59.518,20,387,18829,19215,ACTCCAACACCCACACAACTT,59.995,21,ATGCCCTTTGTTGGGTGAGA,59.518,20,387,18829,19216,TGTTCCCTCAGATCAGCCAA,58.639,20,TTTGCCGCTACCTCCTATGC,60.179,20,360,18903,19263,
CENHV15608,contig96892,complex,(AT)11ttctgaaaagaatgattctcaatc(A)10,ATATATATATATATATATATATttctgaaaagaatgattctcaatcAAAAAAAAAA,56,13881,13936,GCATGTGACGTACTTGTGCC,59.834,20,TGAGCTTACAGGTGACAGCG,60.038,20,365,13679,14043,GCATGTGACGTACTTGTGCC,59.834,20,GCTTACAGGTGACAGCGGAA,60.32,20,361,13679,14040,ACGCTACCTCTTTGCTCTCC,59.467,20,TGAGCTTACAGGTGACAGCG,60.038,20,310,13733,14043,
CENHV17332,contig5273,complex,(CAT)5ctttaacgc(CAA)11,CATCATCATCATCATctttaacgcCAACAACAACAACAACAACAACAACAACAACAA,57,8737,8793,ATCTCTCTCGGTCCACTGGT,59.667,20,AGGGCAACACGAAGGATGAG,60.036,20,376,8610,8985,ATCTCTCTCGGTCCACTGGT,59.667,20,AGAGGGCAACACGAAGGATG,60.036,20,377,8610,8987,ATCTCTCTCGGTCCACTGGT,59.667,20,GGCAACACGAAGGATGAGGA,60.036,20,373,8610,8983,
CENHV14969,contig1202,complex,(TTA)5ctttcctttttgccctttatttttcagc(T)15,TTATTATTATTATTActttcctttttgccctttatttttcagcTTTTTTTTTTTTTTT,58,11074,11131,CACCCACACCATCACCATCA,59.962,20,TCCACTTTTGTGAGCCAAGGT,60.064,21,332,10995,11326,GCCCGGCCATATGTTTTGAC,59.898,20,TCCACTTTTGTGAGCCAAGGT,60.064,21,386,10940,11326,GTGCCCGGCCATATGTTTTG,60.179,20,TCCACTTTTGTGAGCCAAGGT,60.064,21,388,10938,11326,
CENHV16457,contig19656,complex,(AT)9(GT)12(AT)8,ATATATATATATATATATGTGTGTGTGTGTGTGTGTGTGTGTATATATATATATATAT,58,8636,8693,CATGGCCTCGCACATCATTG,59.97,20,TTTGGCGGGATTGGATGGAA,59.96,20,314,8552,8865,GGTTCTCTTCTTGCTCGCCT,60.037,20,TTTGGCGGGATTGGATGGAA,59.96,20,371,8494,8865,GGCCTCGCACATCATTGTTC,59.901,20,TTTGGCGGGATTGGATGGAA,59.96,20,310,8555,8865,
CENHV03813,contig6073,complex,(GCT)5cc(TGT)14,GCTGCTGCTGCTGCTccTGTTGTTGTTGTTGTTGTTGTTGTTGTTGTTGTTGTTGTTGT,59,7376,7434,AGCAGTTGCACGCTGATTTG,60.04,20,TCTCCCTTAGACCGCCTCAA,59.959,20,332,7262,7593,AGCAGTTGCACGCTGATTTG,60.04,20,TTCTCCCTTAGACCGCCTCA,59.959,20,332,7262,7594,AGCAGTTGCACGCTGATTTG,60.04,20,AGTTCTCCCTTAGACCGCCT,59.959,20,334,7262,7596,
CENHV07177,contig13,tri,(ATT)20,ATTATTATTATTATTATTATTATTATTATTATTATTATTATTATTATTATTATTATTATT,60,20223,20282,AGAAGGGGCTGAAAATGGGA,58.916,20,AAGCATGCCAAGGAGAGAAA,57.408,20,291,20024,20314,AGAAGGGGCTGAAAATGGGA,58.916,20,AAAGCATGCCAAGGAGAGAA,57.408,20,291,20024,20315,TGGTTTTAACTCCACCTCCACT,59.219,22,AATCCCACTACCCAACCTGG,59,20,399,20084,20483,
CENHV10609,contig82683,complex,(ATAG)5attggaaaataaattgtcgct(TATG)5,ATAGATAGATAGATAGATAGattggaaaataaattgtcgctTATGTATGTATGTATGTATG,61,940,1000,AAACACTGGGGAAAAGGGGG,60.105,20,TTGGATGCAAAGAGAGCGGT,59.963,20,361,751,1111,ACCCTTTCTGCCCGAGTTTT,59.815,20,TTGGATGCAAAGAGAGCGGT,59.963,20,300,811,1111,ACCCTTTCTGCCCGAGTTTT,59.815,20,GTCGAGCAAGCCTTTTGACC,59.761,20,374,811,1185,
CENHV09491,contig21371,complex,(AT)11ttataacaaacaagtaacttgtaaaatgctttgc(T)10,ATATATATATATATATATATATttataacaaacaagtaacttgtaaaatgctttgcTTTTTTTTTT,66,6386,6451,ATACCCAATCGTCGCCACAG,60.179,20,CTTTTGGAACGCGAGCGTAG,59.907,20,385,6311,6695,GATACCCAATCGTCGCCACA,60.179,20,CTTTTGGAACGCGAGCGTAG,59.907,20,385,6310,6695,ATACCCAATCGTCGCCACAG,60.179,20,ATGGGAGCATATGTGGGCTG,59.888,20,189,6311,6500,
CENHV00477,contig50587,complex,(TA)10tcaccataaccataataatg(AT)6gt(A)14,TATATATATATATATATATAtcaccataaccataataatgATATATATATATgtAAAAAAAAAAAAAA,68,7421,7488,AGCAGACCAAGCCTCATTCA,59.305,20,GTGGGGATGGGTGAAGTGTT,59.888,20,303,7341,7643,CAAGCCTCATTCAAAACCGCA,60,21,GTGGGGATGGGTGAAGTGTT,59.888,20,295,7348,7643,AGCAGACCAAGCCTCATTCAA,59.926,21,GTGGGGATGGGTGAAGTGTT,59.888,20,302,7341,7643,
CENHV09350,contig23841,tri,(CAA)23,CAACAACAACAACAACAACAACAACAACAACAACAACAACAACAACAACAACAACAACAACAACAACAA,69,4756,4824,CATCAACACCACCACCCTCA,59.89,20,TGACCATCATCCATTCGCGT,59.822,20,242,4617,4858,ACTCCGCATCAACCTCATCC,59.821,20,TGACCATCATCCATTCGCGT,59.822,20,388,4470,4858,CATCAACACCACCACCCTCA,59.89,20,CCATCATCCATTCGCGTCCT,60.25,20,238,4617,4855,
CENHV01784,contig2959,complex,(T)10cttttcaac(A)11tcataatgagaagaaaaagaaagaacaaaat(TA)7,TTTTTTTTTTcttttcaacAAAAAAAAAAAtcataatgagaagaaaaagaaagaacaaaatTATATATATATATA,75,8742,8816,TCTGCAGTACCCCAAAGCAA,59.524,20,AGGTCTTCCTTTTCCTCCTCT,57.716,21,350,8692,9041,TTCTGCAGTACCCCAAAGCA,59.524,20,AGGTCTTCCTTTTCCTCCTCT,57.716,21,350,8691,9041,TCTGCAGTACCCCAAAGCAA,59.524,20,AGGTCTTCCTTTTCCTCCTCTT,58.396,22,349,8692,9041,
CENHV01576,contig20215,complex,(TCT)5tcatcttcatcctccccttcatcctcttcgtcc(TCT)10,TCTTCTTCTTCTTCTtcatcttcatcctccccttcatcctcttcgtccTCTTCTTCTTCTTCTTCTTCTTCTTCTTCT,78,7255,7332,TTTGCGGAACTTGCAGAAGC,59.969,20,AACAGGCGGAAGCATCATCA,60.035,20,291,7145,7435,TTTGCGGAACTTGCAGAAGC,59.969,20,TCAACAGGCGGAAGCATCAT,60.035,20,292,7145,7437,TTTGCGGAACTTGCAGAAGC,59.969,20,AGGGGGAGAAGGGGAAGAAA,59.801,20,239,7145,7384,
CENHV00841,contig52037,complex,(GAA)12ggga(GTT)14,GAAGAAGAAGAAGAAGAAGAAGAAGAAGAAGAAGAAgggaGTTGTTGTTGTTGTTGTTGTTGTTGTTGTTGTTGTTGTTGTT,82,1828,1909,GCGACTAGATGACCGGTTGA,59.545,20,CACTTGCCTAGAATCCCTCGT,59.517,21,380,1623,2002,ACTAGATGACCGGTTGAGCG,59.544,20,CACTTGCCTAGAATCCCTCGT,59.517,21,376,1626,2002,AGCGACTAGATGACCGGTTG,59.544,20,CACTTGCCTAGAATCCCTCGT,59.517,21,380,1622,2002,
CENHV05669,contig39639,complex,(CTT)6cacctatcgtataaatcataaataatccctccatg(TACA)8,CTTCTTCTTCTTCTTCTTcacctatcgtataaatcataaataatccctccatgTACATACATACATACATACATACATACATACA,85,9545,9629,ACTCCTCAACAGCTCTCTCG,58.827,20,AGACGCGTGATGAGGACAAG,60.109,20,234,9474,9707,ACTCCTCAACAGCTCTCTCG,58.827,20,TGATGAGGACAAGGGAGGGT,59.881,20,226,9474,9700,TCGTTATGCTAGAGTTGGCGG,60.202,21,TGATGAGGACAAGGGAGGGT,59.881,20,399,9301,9700,
CENHV00567,contig27522,complex,(T)13(A)11tctcggaatgaaacctcatctgtataacacaaaagtagattggaagaa(AC)9,TTTTTTTTTTTTTAAAAAAAAAAAtctcggaatgaaacctcatctgtataacacaaaagtagattggaagaaACACACACACACACACAC,90,7559,7648,ACACATGGTGACCTCATCAACA,59.894,22,ACCGGTTGGCGGATATTCAG,60.179,20,361,7364,7724,ACACATGGTGACCTCATCAACA,59.894,22,AACCGGTTGGCGGATATTCA,59.746,20,361,7364,7725,ACACATGGTGACCTCATCAACA,59.894,22,TGAACCGGTTGGCGGATATT,59.746,20,363,7364,7727,
CENHV01330,contig821,complex,(AT)6aatacttcaagccaaaagctaaaaggggaatataaaatgacataaaaaacagaaaagaaattatc(T)13,ATATATATATATaatacttcaagccaaaagctaaaaggggaatataaaatgacataaaaaacagaaaagaaattatcTTTTTTTTTTTTT,90,17915,18004,TCGCAGGCTAAGCCCTATTG,59.893,20,CCTTTCCCATGGCTGTTCCT,59.96,20,270,17868,18137,CAGGCTAAGCCCTATTGCGT,60.179,20,CCTTTCCCATGGCTGTTCCT,59.96,20,266,17871,18137,TCGCAGGCTAAGCCCTATTG,59.893,20,TCCCATGGCTGTTCCTATGC,59.817,20,265,17868,18133,
CENHV10255,contig101363,complex,(T)15aa(T)10gtattttta(T)11gaaataatttttaagaaatgaagcaaatgaaa(AT)7,TTTTTTTTTTTTTTTaaTTTTTTTTTTgtatttttaTTTTTTTTTTTgaaataatttttaagaaatgaagcaaatgaaaATATATATATATAT,93,5155,5247,TGAGTAAACTGACGGCGCTT,59.967,20,GTCTTGACCAGGCACATGGA,59.963,20,277,5057,5333,TTGAGTAAACTGACGGCGCT,59.967,20,GTCTTGACCAGGCACATGGA,59.963,20,277,5056,5333,TGAGTAAACTGACGGCGCTT,59.967,20,AGCTCCGACGATACCAAACG,60.179,20,345,5057,5402,
CENHV05564,contig3100,complex,(GT)8ttcttttttttattgttctggatccagagacttttgtgaaatattttcttgatttgatttgagtcagtttttttca(TG)6,GTGTGTGTGTGTGTGTttcttttttttattgttctggatccagagacttttgtgaaatattttcttgatttgatttgagtcagtttttttcaTGTGTGTGTGTG,104,9276,9379,GCATACATAGCCTCCGCCAT,60.036,20,TGCTTCTCAGTCAACCCAAA,57.273,20,378,9119,9496,GCATACATAGCCTCCGCCAT,60.036,20,TTGCTTCTCAGTCAACCCAA,57.273,20,378,9119,9497,GCATACATAGCCTCCGCCAT,60.036,20,ATTGCTTCTCAGTCAACCCA,57.043,20,379,9119,9498,
CENHV05171,contig52177,complex,(AT)8tattttattttttgaggatggtgggtgattgatttgttacaacaaagtagaaggaggaggagaagg(AGA)8,ATATATATATATATATtattttattttttgaggatggtgggtgattgatttgttacaacaaagtagaaggaggaggagaaggAGAAGAAGAAGAAGAAGAAGAAGA,106,1064,1169,TTCCGACTTTGATACCCCCT,58.039,20,CCTTCTCCCTCTCCTCCCTC,60.106,20,222,1007,1228,TTCCGACTTTGATACCCCCT,58.039,20,AAGCCTTCTCCCTCTCCTCC,60.326,20,224,1007,1231,TTCCGACTTTGATACCCCCT,58.039,20,TCCCTCTCCTCCTCCTCCTA,59.649,20,207,1007,1214,
CENHV03278,contig21428,complex,(A)10cattcatgtgttacaaaaacaaaaagaaaacaaccaacacacacatattaatacatatatagagactttttattttttttaaaaa(AC)6,AAAAAAAAAAcattcatgtgttacaaaaacaaaaagaaaacaaccaacacacacatattaatacatatatagagactttttattttttttaaaaaACACACACACAC,107,5970,6076,ACACACAAACCTCCAACTGA,57.201,20,CTTCCTCTTCCCCTCCCTCA,59.957,20,289,5882,6170,ACACACAAACCTCCAACTGA,57.201,20,TTCCTCTTCCCCTCCCTCAC,60.253,20,287,5882,6169,ACACACAAACCTCCAACTGA,57.201,20,TTCCTTCCTCTTCCCCTCCC,60.253,20,291,5882,6173,
CENHV17772,contig1964,complex,(AC)23aaaaaaacaacatgaatgttagttttccactaaattcatcttattaaag(TA)7,ACACACACACACACACACACACACACACACACACACACACACACACaaaaaaacaacatgaatgttagttttccactaaattcatcttattaaagTATATATATATATA,109,5794,5902,AGGCAAACAATACCCTGCCA,59.886,20,CCCAAACACAAAAAGGGCACA,60.066,21,366,5753,6118,AGGCAAACAATACCCTGCCA,59.886,20,TCCCAAACACAAAAAGGGCAC,59.792,21,366,5753,6119,AGGCAAACAATACCCTGCCA,59.886,20,CTCCCAAACACAAAAAGGGCA,59.516,21,367,5753,6120,
CENHV18338,contig3046,complex,(GTG)5gaaaagaaagttggaatgctaaagtgtggatggaaagagttgctttcgtcgttggcggaaaggtacttgtgtattttttttattttc(T)10,GTGGTGGTGGTGGTGgaaaagaaagttggaatgctaaagtgtggatggaaagagttgctttcgtcgttggcggaaaggtacttgtgtattttttttattttcTTTTTTTTTT,112,13021,13132,GCAGGAAAGGCAGGGTATCT,59.451,20,CTGGTTTCCCACCACCCTTT,60.106,20,390,12902,13291,CGCAGGAAAGGCAGGGTATC,60.816,20,GAGATGCGTCTGGTTTCCCA,60.036,20,399,12901,13300,CGCAGGAAAGGCAGGGTATC,60.816,20,CTGGTTTCCCACCACCCTTT,60.106,20,390,12901,13291,
CENHV00675,contig544,complex,(T)18cctgtcatgatcttgaaatctccatgtattgacttattatgagcgtcattgtttttaatactccattt(TGA)9,TTTTTTTTTTTTTTTTTTcctgtcatgatcttgaaatctccatgtattgacttattatgagcgtcattgtttttaatactccatttTGATGATGATGATGATGATGATGATGA,113,10818,10930,GGGACGTAACTTTGGGGGTT,59.889,20,GCCCCCGTGATCGTAATGTA,59.61,20,319,10655,10973,CCGGGATTCATGCAAGGCTA,60.179,20,GCCCCCGTGATCGTAATGTA,59.61,20,350,10623,10973,TCATCGTCCGGGATTCATGC,60.25,20,GCCCCCGTGATCGTAATGTA,59.61,20,357,10616,10973,
CENHV14178,contig24090,complex,(T)10ctttccttactcatcatattcacttcaatattgacttttgtgttttttgtttatttatttatctattttatttttttcgtctttcga(TCT)6,TTTTTTTTTTctttccttactcatcatattcacttcaatattgacttttgtgttttttgtttatttatttatctattttatttttttcgtctttcgaTCTTCTTCTTCTTCTTCT,115,11901,12015,AGATGAACGCTCCAAACCGA,59.68,20,ACGCTCTAAGCATGTTACCCA,59.447,21,356,11823,12178,AGATGAACGCTCCAAACCGA,59.68,20,GCATGTTACCCAAAGTGTGGT,59.039,21,346,11823,12169,AGATGAACGCTCCAAACCGA,59.68,20,ACGCTCTAAGCATGTTACCCAA,60.028,22,355,11823,12178,
CENHV06187,contig151,complex,(TTTTTA)6tttat(TTTTA)6tttttattttctatttttattttttattttattttta(T)11,TTTTTATTTTTATTTTTATTTTTATTTTTATTTTTAtttatTTTTATTTTATTTTATTTTATTTTATTTTAtttttattttctatttttattttttattttatttttaTTTTTTTTTTT,119,20882,21000,AATCGGTGCATTCCGACCTT,60.035,20,CAACACTTCTCCCGATGGCT,60.036,20,358,20782,21139,AATCGGTGCATTCCGACCTT,60.035,20,ACCCGGCTCAAATTATCGCA,60.107,20,375,20782,21157,AATCGGTGCATTCCGACCTT,60.035,20,GCCTTGTCTTGCCAATCTGC,60.109,20,321,20782,21103,
CENHV06041,contig15332,complex,(TC)11ttttagaattggcgcctatcatgagagagtttaaggaagttgaaacttgtattgagtgcagtgctaaaactctagtggtaatcctcta(T)13,TCTCTCTCTCTCTCTCTCTCTCttttagaattggcgcctatcatgagagagtttaaggaagttgaaacttgtattgagtgcagtgctaaaactctagtggtaatcctctaTTTTTTTTTTTTT,123,6620,6742,TCTGAGGGGTTCTGAAATCGT,58.743,21,AAAGCGGAGCAGTAGGATGC,60.463,20,373,6510,6882,TCTGAGGGGTTCTGAAATCGT,58.743,21,GCGGAGCAGTAGGATGCAAT,60.534,20,369,6510,6879,ATCGATCTGAGGGGTTCTGA,57.539,20,AAAGCGGAGCAGTAGGATGC,60.463,20,377,6505,6882,
CENHV03763,contig32199,complex,(AT)6tggtttaataaggaaaatagtttagtttctatcaataataaagaaggttttttagatttgtgtctgtaataaatatctatatgcttaacttaga(AT)9,ATATATATATATtggtttaataaggaaaatagtttagtttctatcaataataaagaaggttttttagatttgtgtctgtaataaatatctatatgcttaacttagaATATATATATATATATAT,124,4909,5032,GACCTCTAACTTTGATACCCCC,57.581,22,CTTCCAAGCCTAGCTGTCCC,60.107,20,315,4884,5198,TTTTGGGGAACAATATGGCATC,57.248,22,CTTCCAAGCCTAGCTGTCCC,60.107,20,391,4807,5198,ATGGCAGACCTCTAACTTTGAT,57.148,22,CTTCCAAGCCTAGCTGTCCC,60.107,20,320,4878,5198,
CENHV06646,contig84917,complex,(T)15gttaatgaagagcttttaggtacatttctgtaggtctttgaaagataaattggccagaaactatcc(T)10cctcttgtagattaacatgt(TG)8,TTTTTTTTTTTTTTTgttaatgaagagcttttaggtacatttctgtaggtctttgaaagataaattggccagaaactatccTTTTTTTTTTcctcttgtagattaacatgtTGTGTGTGTGTGTGTG,127,2089,2215,TCACCTGTGAAGTGAGGAGT,57.912,20,CCCACCCAATCCCATACTGT,59.074,20,367,1936,2302,TCACCTGTGAAGTGAGGAGT,57.912,20,ACCCACCCAATCCCATACTG,59.074,20,367,1936,2303,TGTGACATTCAGTGGTTCTGC,58.779,21,CCCACCCAATCCCATACTGT,59.074,20,273,2029,2302,
CENHV13035,contig12683,complex,(TGA)8atctgagtgagttggactactctttctttgacgggtaacggtcgtcttaggggtttttttcgacctttttaaacca(AAAAG)7,TGATGATGATGATGATGATGATGAatctgagtgagttggactactctttctttgacgggtaacggtcgtcttaggggtttttttcgacctttttaaaccaAAAAGAAAAGAAAAGAAAAGAAAAGAAAAGAAAAG,135,9588,9722,TCGCCTGAGGTTTCGTTTGT,60.179,20,CCAACGCTCCAAGTAACCCT,59.964,20,398,9564,9961,TCGCCTGAGGTTTCGTTTGT,60.179,20,ACCAACGCTCCAAGTAACCC,60.251,20,398,9564,9962,TCGCCTGAGGTTTCGTTTGT,60.179,20,AACGCTCCAAGTAACCCTCC,59.676,20,395,9564,9959,
CENHV07209,contig3170,complex,(CTCA)6ctcttttacccttcttagctacaagtttaggcaagcttccgatctatggtatctctccggtttggcaagactcccattcttgtctcttactaggtt(CTTCC)5,CTCACTCACTCACTCACTCACTCActcttttacccttcttagctacaagtttaggcaagcttccgatctatggtatctctccggtttggcaagactcccattcttgtctcttactaggttCTTCCCTTCCCTTCCCTTCCCTTCC,145,8869,9013,CGTCGTCTCTCTCTCTTCGC,59.974,20,CACCTTTCGGCATGCAAGTT,59.685,20,393,8743,9135,CTCTCTTCGCTTCCCTTCCC,59.823,20,CACCTTTCGGCATGCAAGTT,59.685,20,382,8753,9135,CGTCATCATCCCTTTCCGCT,60.179,20,CACCTTTCGGCATGCAAGTT,59.685,20,351,8784,9135,
CENHV08814,contig11713,complex,(T)10ctttttctgagtactcatttttaa(TGT)6tttggtaataggttgttgatcctaaagggattgtcagtggtggaggggtagtgggaatgtactagagaatttgttattatcttttc(ATT)5,TTTTTTTTTTctttttctgagtactcatttttaaTGTTGTTGTTGTTGTTGTtttggtaataggttgttgatcctaaagggattgtcagtggtggaggggtagtgggaatgtactagagaatttgttattatcttttcATTATTATTATTATT,153,17488,17640,AGTGTGAGCGGGATTTAGAAGA,59.168,22,CCTCTCCTCACCCCACACTA,59.959,20,311,17361,17671,GCGGGATTTAGAAGAATGTCGT,58.804,22,CCTCTCCTCACCCCACACTA,59.959,20,303,17368,17671,GTGTGAGCGGGATTTAGAAGA,57.753,21,CCTCTCCTCACCCCACACTA,59.959,20,309,17362,17671,
CENHV11003,contig23173,complex,(AT)7caaaatttacataccatatatatgtgccttatacacactttttttatttg(A)10catcacattgaacaaatagattattgctataacaaaacagaaaccaaaaaaaccaatagttaaaatcaatgaaatt(A)11,ATATATATATATATcaaaatttacataccatatatatgtgccttatacacactttttttatttgAAAAAAAAAAcatcacattgaacaaatagattattgctataacaaaacagaaaccaaaaaaaccaatagttaaaatcaatgaaattAAAAAAAAAAA,161,2616,2776,CACCACCTGTGGTAACCAAAAA,59.239,22,ACTCGTGGAACACCTCGAAC,59.968,20,361,2514,2874,CACCACCTGTGGTAACCAAAAA,59.239,22,CAAGCCAGGCACTAGAGGTC,60.108,20,325,2514,2839,CACCACCTGTGGTAACCAAAAA,59.239,22,AAAAGCCAAGCCAGGCACTA,60.179,20,331,2514,2845,
CENHV15823,contig23945,complex,(GAA)5gaggcagaagaggcagaagaagaggaagatgcacaggaaggattagcagattgaattttgcgaagagattgatggagagagatagg(GTTGGA)6gtgagat(GAA)6,GAAGAAGAAGAAGAAgaggcagaagaggcagaagaagaggaagatgcacaggaaggattagcagattgaattttgcgaagagattgatggagagagataggGTTGGAGTTGGAGTTGGAGTTGGAGTTGGAGTTGGAgtgagatGAAGAAGAAGAAGAAGAA,162,10231,10392,AGCAGATACACTAGGACGTGTG,59.576,22,TTTGGCTTCCCTCCATCACC,59.96,20,375,10127,10501,AGCAGATACACTAGGACGTGTG,59.576,22,GCTTCCCTCCATCACCTCAG,59.82,20,370,10127,10497,GGAGGCTCCTTTCTTGAAGACT,59.696,22,TCCCTCCATCACCTCAGTCC,60.326,20,399,10095,10494,
CENHV06947,contig2096,complex,(CTC)6acctctcaacccatatcctaacaccacagcacttacccc(ATA)8aacccccaacctcttatgtaatatcccttaatcctaccatattcattgcaatccatataagcacccataaca(CTC)6,CTCCTCCTCCTCCTCCTCacctctcaacccatatcctaacaccacagcacttaccccATAATAATAATAATAATAATAATAaacccccaacctcttatgtaatatcccttaatcctaccatattcattgcaatccatataagcacccataacaCTCCTCCTCCTCCTCCTC,171,24384,24554,TCCAGAGAAAACCAGAAGGCA,59.226,21,TGACTCCATATACAGTGCCCAG,59.3,22,396,24191,24586,TCCAGAGAAAACCAGAAGGCA,59.226,21,TGACTCCATATACAGTGCCCA,58.242,21,395,24191,24586,TCCAGAGAAAACCAGAAGGCA,59.226,21,GACTCCATATACAGTGCCCAGA,59.034,22,394,24191,24585,
CENHV11751,contig6951,complex,(T)10caagaaaaaaatgaaattaataataaattaaaaaaattaaaaattgtgtttcagtcaaagttagtgaagtttggtgaag(T)10aaaaaaaataaaaagaaagaaagttaccaagtaaattttcactgtctgctcctttttttctgaagtagaaataagtatca(AT)6,TTTTTTTTTTcaagaaaaaaatgaaattaataataaattaaaaaaattaaaaattgtgtttcagtcaaagttagtgaagtttggtgaagTTTTTTTTTTaaaaaaaataaaaagaaagaaagttaccaagtaaattttcactgtctgctcctttttttctgaagtagaaataagtatcaATATATATATAT,191,8807,8997,TCCTGGGATGTAGTAGCACTGA,60.024,22,GGTTGTGGCTATTTTTCATGGC,58.738,22,337,8757,9093,CCTGGGATGTAGTAGCACTGA,58.611,21,GGTTGTGGCTATTTTTCATGGC,58.738,22,335,8758,9093,TCCTGGGATGTAGTAGCACTG,58.611,21,GGTTGTGGCTATTTTTCATGGC,58.738,22,336,8757,9093,